"(""$3['pass']"", '')"
"(""'"", '')"
"(""\x02I\x01\x1cCN\x00jJZ\x11$B\x07\x03'\x13\x13^"", '')"
"(""\x0eXzbA\x00\x05\x01'l"", '')"
"(""\x1d'&.t\x0f?}C"", '')"
"('#', '')"
"('#h\x1a', '')"
"('$+', '')"
"('$program', '')"
"('%00&@\x17>P:AzR', '')"
"('&', '')"
"('(Q\x1d\u05eb\x1540SW[`N\x01\x15\x00', '')"
"('*:L\x06S,PxB\x05', '')"
"('*\x1fcH\x7f\x16\x01J', '')"
"('*t\x14\x108_et\x15rl\x06#A\x1e\x1e\x18', '')"
"('/', '')"
"('/NBi\x19/\x1dJB', '')"
"('/V3\x19y!#\x1d;\x1e', '')"
"('1\x1f92\x03\x1bZ-\x7f\x16G5', '')"
"('2222', '')"
"('24?', '')"
"('2T', '')"
"('4a7\x10', '')"
"('4f9~@UY5~y', '')"
"('5E4<I2-', '')"
"('5\x00\x06', '')"
"('6\x04FB', '')"
"('8888', '')"
"('8l\x10\x17\x12\x0e\x1d$', '')"
"('96.0pZE', '')"
"('9:d\x12KD\x12\x11', '')"
"(';', '')"
"('A\x05\x01zn', '')"
"('Dhp\x135\\X', '')"
"('Dj|K~1\x03\x14f#)]f\x14\x02B\x04\x16wm\x16,', '')"
"('E\x1a\x01B\x1a', '')"
"('FI', '')"
"('GD?\x16w?\x1f8p,13.\x06\x00{/\x1f\x06\x7f`{M\x06_\x0e\x17\x02\x0f_\x00\x1ef\x16\x00F\x00*`~\x0e\x06', '')"
"('I\x159@', '')"
"('K\x04j', '')"
"('L>I\x13w\x14Ih', '')"
"('LG', '')"
"('N9;\x12_', '')"
"('O', '')"
"('P0', '')"
"('PC\x1d;', '')"
"('Q8s\\*', '')"
"('Q\x04&q-k<B}y', '')"
"('SR\x14j\x1e|\x03Hb\x16', '')"
"('S\x00\x00\x0f\x0f\x00\x00\x00f\x14Ht$;}\x0f\x00\x00\x00j\x02EWP\x14\x00\x00', '')"
"('T', '')"
"('UE2\x0e\x1fE`yy', '')"
"('V', '')"
"('YiCi\x18', '')"
"('Z\x7fx\x10{-', '')"
"('\\\x05^\x01]\x1c', '')"
"('\x00HD$', '')"
"('\x00HD$\x08HD$\x10', '')"
"('\x00\x02\x00\x00\x00\x00\x00\x00\x02\x05\x001P', '')"
"('\x00hj\x18\x04{\x16z\x06\x7fN\x19\x17/\x0fa\x10', '')"
"('\x01E7M.C\x06Z', '')"
"('\x01P\x1644Fg', '')"
"('\x02\x12\x04\x11\x04\x1c\x04%\x02%\x02', '')"
"('\x02\x19\x04\x0f\x02\x10\x02!\x04\x10?/B\x0f\x02\x1b=/@\x0f\x02\x11\x02\x16=,@\x0f\x02\x16;,>\x0e\x02\x11\x02\x16;,>\x0f\x02\x11\x02\x11;,>\x0f\x02\x199)<\x0f\x02\x11\x02\x169,<\x0f\x02', '')"
"('\x043', '')"
"('\x04HHRh2X:(\x02gA,@o\x18\x18', '')"
"('\x05', '')"
"('\x05\x03t\x12Bd?W=L', '')"
"('\x06', '')"
"('\x06\x00:\x12\x07\x06\x00D\x14\x00\x06\x00*\x00\x06\x00\x19\x00\x06\x00t\x11\x07\x06\x00\x11\x07\x06\x00\x04', '')"
"('\x07', '')"
"('\x08#\x18+\x18\x07\x06\x06\x053\x06g\x06BCD', '')"
"('\x08\x10Ad\x04\x15z', '')"
"('\x08a\x02\x03-\x10', '')"
"('\x0eT+', '')"
"('\x0eo:i\x1f\x0f', '')"
"('\x0e}', '')"
"('\x10G8\uf19a\x06y\x1ec@\x067$E\x00?', '')"
"('\x10mc\x106O\x19PM', '')"
"('\x118\x06', '')"
"('\x11NT``\\@[\x1dK`\x1cS0\x1erT', '')"
"('\x13', '')"
"('\x14XU)\x01\x83>\x16*9\x7f1\x04Vh@%btI\x03\x05B\x07~L=GS)\x06S\x18', '')"
"('\x14\x01#}m<', '')"
"('\x14\x02fi}0n\x19', '')"
"('\x151,\\K\x00*@\x1b\x03', '')"
"('\x15F', '')"
"('\x175EG`x6/\x10g\x12D4', '')"
"('\x17\x04DJ7X\x18', '')"
"('\x1bp\x7fk', '')"
"('\x1bsxSh-{o\x05lC\x12jZ\x00!Ug\x13c.#\x1b', '')"
"('\x1c\x1e\x039\x12\x01\x15', '')"
"('\x1d|', '')"
"('\x1f&\x08\x03{\x07\x00\x04\x11\x08(\x06\x00\x06&', '')"
"('\x1fpM\x01\x04`h', '')"
"('\x7f-\x02?+\x03\x01', '')"
"('\x7f-\x02?.:1\x01F', '')"
"('\x7f-\x02?l*z\x01F', '')"
"('\x7f-\x7fx?\x009FA\x00F', '')"
"('\x7fE!F-\x02?\x01\x02F', '')"
"('\x7f\x1614\x02G/04\x1a/!', '')"
"(']9t\x12)', '')"
"(']\x10n\x03\x06ua\x00\x08\x1a', '')"
"('^B)1\x1a\x13\x0e\x02?\\\x12\x1f&\x02\x7f', '')"
"('_', '')"
"('`($', '')"
"('`\x16', '')"
"('a7+C', '')"
"('a\x04,\x17', '')"
"('arg\x00udptest', '')"
"('authentication', '')"
"('b\x04_\x04?\x12\x02\x0e\x18\x18\x14?\x19\x1d\x1a\x1e', '')"
"('d\x0e\x07c3}\\?\x07\x1ax?o$\x11#\x0e', '')"
"('d\x18]j', '')"
"('eH', '')"
"('fW\x07=)b\x14q\x011Da5E\x01l=(;\x010@^', '')"
"('for', '')"
"('h\x18\x03', '')"
"('i\x14BMP!\x0e\x03R\x1aa2Z8Lt9DIG\x10>\x02X\x02', '')"
"('is', '')"
"('k\\\x11xqOH', '')"
"('l\x10\x19', '')"
"('o\x165zG\x16\x0f.\x06>F1\x0e\x05E(b\x04@W\x0e', '')"
"('port', '')"
"('q@tx/\x10\x19', '')"
"('s%\x01bcR', '')"
"('versioninvalid', '')"
"('w0#\x1f/\x1du\x13\x124ZC9[Y5`V?C+J:8F\x01', '')"
"('y\x7f,\x0fdL', '')"
"('{6\x06\x00\x04,H\x07{2\x08\x00\x04{', '')"
"('{\x16\x06\x00\x04,H\x07{\x12\x08\x00\x04{\x00\x08\x00\x04,;', '')"
"('~\x1d&\x14v`\x03b`', '')"
