"Password string:%s string:lol`,"
"Password:"", time.Second*2); err == nil {"
"passwd"", 1, []byte(backup)[1:])"
"passwd"", 4, []byte(rootLine[4:])); err != nil {"
"passwdData, err := os.ReadFile(""/etc/passwd"")"
"passwdData[:4]) != ""root"" {"
"password *uint16) (handle Handle, err error) [failretval==0] = advapi32.CreateServiceW"
"password *uint16, displayName *uint16) (err error) = advapi32.ChangeServiceConfigW"
"password *uint16, flags uint32) (store Handle, err error) = crypt32.PFXImportCertStore"
"password := ""traitor"""
"password := v.setPassword(user, log)"
"password for"", time.Second*2); err == nil {"
"password for"", time.Second*8); err == nil {"
"password, err := terminal.ReadPassword(int(os.Stdin.Fd()))"
"password: "")"
"passwordHash := ""$5$xRveGoW.etBZqJwg$uEvtrnKPbuEvTxJAisVrCevthWxafgX6.uAS6uF7QW7"""
PASSWD                        = 0x216
PASSWDNOTVALID                                             Handle        = 0x80110414
PASSWD_A                    = 0x773
PASSWD_APPLID                 = 0xCE3
PASSWORD                                                      syscall.Errno = 1323
PASSWORD                                                     NTStatus      = 0xC000006A
PASSWORD                                                    Handle        = 0x80090033
PASSWORD                                                    syscall.Errno = 1304
PASSWORD                                                    syscall.Errno = 86
PASSWORD                                                   NTStatus      = 0x4000000D
PASSWORD                                                 syscall.Errno = 1324
PASSWORD                                                NTStatus      = 0xC000006B
PASSWORD                                              Handle        = 0x80072EEE
PASSWORD                                            syscall.Errno = 2108
PASSWORD                                          Handle        = 0x80550007
PASSWORD                                          NTStatus      = 0xC00002DF
PASSWORD                                         Handle        = 0x80550006
PASSWORD                                        syscall.Errno = 8529
PASSWORD                                       Handle        = 0x80550008
PASSWORD                                     Handle        = 0x80310037
PASSWORD                                     Handle        = 0x80550004
PASSWORD                               = 0x115
PASSWORD                            Handle        = 0x8055000B
PASSWORD                       Handle        = 0x80550009
PASSWORD                      Handle        = 0x8055000D
PASSWORD       = Errno(169)
PASSWORDNAME                                                syscall.Errno = 1216
PASSWORD_CHANGE_REQUIRED                                              Handle        = 0x80090037
PASSWORD_CHANGE_REQUIRED                                            syscall.Errno = 1938
PASSWORD_CHANGE_REQUIRED                                           NTStatus      = 0xC000030C
PASSWORD_CORE                                                NTStatus      = 0xC0000149
PASSWORD_DEFAULT                                    syscall.Errno = 2109
PASSWORD_DOES_NOT_MEET_POLICY                                      Handle        = 0x80632021
PASSWORD_EXPIRATION_INCOMPATIBLE                   Handle        = 0x80550005
PASSWORD_EXPIRED                                                    syscall.Errno = 1330
PASSWORD_EXPIRED                                                   NTStatus      = 0xC0000071
PASSWORD_FORMAT                                             Handle        = 0x80310035
PASSWORD_MUST_CHANGE                                                syscall.Errno = 1907
PASSWORD_MUST_CHANGE                                               NTStatus      = 0xC0000224
PASSWORD_NOT_ALLOWED                                Handle        = 0x8031005C
PASSWORD_ON_TOUCH_DEVICE                   Handle        = 0x803100B8
PASSWORD_POLICY_NOT_ENFORCEABLE_FOR_CONNECTED_ADMINS                Handle        = 0x8055000A
PASSWORD_POLICY_NOT_ENFORCEABLE_FOR_CURRENT_CONNECTED_USER          Handle        = 0x8055000C
PASSWORD_REQUIRED                                            Handle        = 0x8031002C
PASSWORD_REQUIRED                                   Handle        = 0x8031005D
PASSWORD_RESTRICTION                                                syscall.Errno = 1325
PASSWORD_RESTRICTION                                               NTStatus      = 0xC000006C
PASSWORD_UPDATE_REQUIRED                                            Handle        = 0x80860004
Passwd = true
Password := fmt.Sprintf(
Password = promptForPassword
password))); err != nil {
