file_path,file_hash_md5,file_hash_sha1,file_hash_sha256
/home/debian/github/StringHunter-private/croc/Dockerfile,633afc60660a0d9ea8398ede4d9c1e76,94d470e7f84da2a77456ab5c43e6b531f61718be,25c4d7c41da62d0d1e70c1afc4622e8bac5a2f3aea9e3d485c3024bf550bd67b
/home/debian/github/StringHunter-private/croc/README.md,b8a9e67c6ad7c0fb0cb26cf65b72829d,05cee04a1fde87f7afeacc45df537fbe01ab8e47,c3869e0d7444fd23e10b5be786ac515bbad508b89cb0c9fae2656b38ec1b412a
/home/debian/github/StringHunter-private/croc/croc-entrypoint.sh,a9e647e90261d66542fd591a09f93e4c,95b4a4d8737a370815513a95ee79596cfbdc6d9f,e2e6a06160f75feae610fdffc97e267e70fe5c1acee1ea4abab8e6a195953467
/home/debian/github/StringHunter-private/croc/LICENSE,abf2957ffda27560764bc5adc8fa01a8,fc21aa74342422b32d511609a13e80057d061e8b,8dc6526e85f2d9b696c10659617aefd3a2cfe97b44562e79cca7d0f19ee16e0a
/home/debian/github/StringHunter-private/croc/.goreleaser.yml,ad684ac2880177981585f96a029c448c,5a580165d4fc325426672e25f662629df18292c9,38d0ff095c17a827d040791dc6b3ecd132252e1e453a8f6558b9de2b2a5daddc
/home/debian/github/StringHunter-private/croc/go.sum,dd4f216cca042c5e1b9850d362bf1fb2,a40c33e446116c5d8e61cc81b25e7ec07cfe88c6,af7f9b17e2c1b5239dd45797d224e5c7f08b109cb8e7a13b99f3406ebad7bdc9
/home/debian/github/StringHunter-private/croc/.gitignore,485e8b4808b730ef8979292ece22201f,dc42176d06f3a6dfe46fd4ebe64f625fa148072d,e9f76b1c61ec5abd4d6f916327b963c379f3a185ba3c99cab33afab6b09520cb
/home/debian/github/StringHunter-private/croc/main.go,3d5187eda9aa0800610ad88c4dd86e9f,82db551e9b14779efbfe8192f6a12aea49484f7f,e0ae52234cbda475802a41ab63973e64bd9810c60a7fee83d6d56409aff96973
/home/debian/github/StringHunter-private/croc/.travis.yml,3e0cc3a3876e08dcd274ca28ff3fe615,6ec7ac703948e63510877c729670b9a05768fa68,f2afd174d1bdc601300d8824ec893fcd234e62353df2668a6c8b35d6ab7f3c84
/home/debian/github/StringHunter-private/croc/croc.service,b76a944cfa260837d02d65618e24fcd9,60f3e24aec29ae73eec0a1495559bf43ee514188,a892f70b16b239a1f6caea1877c3f5d3747c1b3e3f5d94d49e21050d5b873ecc
/home/debian/github/StringHunter-private/croc/go.mod,b2127136c9cac857bcdb2eccf672b107,128d40c3cbfcb1ade903dfa8b473cff0d8028865,8f349a9275dd2750ec4a9fee4c59e90653b3bacd3649383d3c1158dd18dd329e
/home/debian/github/StringHunter-private/croc/src/models/constants.go,2c590203aba4ddb2285d9cf333f0ea67,20e43eee52252ffcb8d80b53ccc9d2ad9c0d8fe0,1dee1d42709d5530ef3075746f89123e815e938ce4ddbdd2fb73514895ea5be4
/home/debian/github/StringHunter-private/croc/src/tcp/tcp_test.go,17693b1e120103d413836477812e76c6,da064a24bc2a016b202d191a7e584ca93fcf414e,06b55d2111ad45ba917d9afbeaca66212c1bef7a260cf7ee368ebfdcd298bd42
/home/debian/github/StringHunter-private/croc/src/tcp/options.go,b43af8f1c356d67999a7e8bd80f27d5b,a9f7a3007b41b5e59ac974ff236667c3e30f8662,f35115d73faa254ea20440dc72e00b501efe91a3ad04597d3f7d6effacd2f996
/home/debian/github/StringHunter-private/croc/src/tcp/tcp.go,c3834af9b704fa0a1682f2cc2f08b0d7,3f14f30271c4bba880ab560f4258fbad4d0600cf,7ede89c548dc58a1fa6c554610ee04803c4d105473205f8e5d7354169b37650b
/home/debian/github/StringHunter-private/croc/src/tcp/defaults.go,f69a62c40db163a05c959278aac9a1cb,9f4f44523ef95cf28aa1aafdba21feda707d6eaa,6b4fad711dd8c6edb278cb41606e0a192ee00d60823cb91821fabb053b95d14f
/home/debian/github/StringHunter-private/croc/src/croc/croc_test.go,414a1124f83a8b07492ad9d2d8b3c407,11497169f983a1915002421869291ce156bea3ba,cc0b5cff8818fc4138ca35df6339510e05114650449acd3c6cb19bae7f530ecd
/home/debian/github/StringHunter-private/croc/src/croc/croc.go,66a24e460c92e9e72058af535782e374,0faf05156539ec5c8f5c3a103f731eae81075f91,694fbaf6a69d2547d8908d5880a174f4b085eacf774598b7760ab920fafba38f
/home/debian/github/StringHunter-private/croc/src/install/default.txt,bc01e89bde1db34f355e1f60b7a8fddf,e018cc3b27ec12213bf69c4a707468ae0eb78722,dd3fd8751d755a447e0bc339c8a5450237372e6ac5db4b9eee5df68c8ffc9849
/home/debian/github/StringHunter-private/croc/src/install/updateversion.go,f4269835682495ae60e413e30db25b7b,db39dcd7050f2611eb55c588a0e1ccb101b7e0f1,c710991e87b59a9fe68cc864133f9dbc8745fb913e9ec31b85e3515a03277b5d
/home/debian/github/StringHunter-private/croc/src/install/zsh_autocomplete,b9c56d8e4eff3d3338b814ebb993650c,a7f2ccca4d84019834cdb8166b9d4fac91fb3d02,af140dc7b4dcff01c57a6eba723bd3dc431dc27663fa0861c4cd37c7335fb1ba
/home/debian/github/StringHunter-private/croc/src/install/bash_autocomplete,3ee32be3fb1e131444ff6c8c1d526760,e68b9081902827de4ae4600779c149c46d3dac1d,2b0607bb21089e2c8ea8e5ce959875920bcbe20349c2e39a98bc56eba85bed00
/home/debian/github/StringHunter-private/croc/src/install/Makefile,2b2fc1d38dab1318022ec049263d0b3c,523d01a48a62e3519c64fae022496bdb4e9bfc7d,284ccd3d70cbbea1f6d79cb6d5f8a6e868c78aea8818b95ac8902c31c876ca08
/home/debian/github/StringHunter-private/croc/src/install/upload-src-tarball.sh,d35b757148f7c385190d837c8b7b7bab,9a3e37ff85de6ae9455991cfcb03af34cdcbc0e1,fb5081c15bbd09ef7b72afd863f17a104c7f9fe01b1f0a924d999ac20698d0d7
/home/debian/github/StringHunter-private/croc/src/install/prepare-sources-tarball.sh,0f3299215a18365f2d1f469494e1515d,73eb756938fcd891ff4781554cfb7324e60a50f3,a1496c041a0ff603774901f3a5ca3f59fad418b26568fcdff544bb295663716a
/home/debian/github/StringHunter-private/croc/src/message/message.go,d9ba0d5ecf1c3314ef955b7c34b10b3b,9845c96d758d7a08d838fd45726cdd4185d5e226,c6e02cb94a9450df3263e25a57655dfdbfe4a07338a74c2c071d38a91f07c1ed
/home/debian/github/StringHunter-private/croc/src/message/message_test.go,feb2248e848314f4483f322653349993,dbc306d4fc33f202de7d5f35c51f95542f91f624,c01e9818ce48ec9a1806e05e93e2578aee2c449768f88873e8f132491edc70f4
/home/debian/github/StringHunter-private/croc/src/crypt/crypt.go,1fd0a7798146a3806b5af64b2f1813ba,07bd361f3ccc26f74c16f442a915808c0d7594d1,5c0aa0662a40c61bfbfee97a6ac35a96a1bd08f4456da9195da77cdfed8a3f71
/home/debian/github/StringHunter-private/croc/src/crypt/crypt_test.go,15e62bcabd428f7079bdbcb14c139c8d,100f3b1d47f3f2f18b00ef39598f00a705993c10,ddedf8b2f2b079fd54c32fcad0ef9e2a16b26d1db3a6006272b3b6d285860598
/home/debian/github/StringHunter-private/croc/src/utils/utils_test.go,8eeb9f86de0a8a25f83f88ea8a3795bc,763c0f61479437e1a4b9e7cdec7f71a0eafde94b,41a98fd409c686e6ab6b4b19938dcc97b8c2696b9a7827d1951a565685f559f6
/home/debian/github/StringHunter-private/croc/src/utils/utils.go,16a71e3a3b8a7b4db43f00b75def69b7,3d39eceeea99c792922a43d4785c1f4826f7cc94,2ae82e335277880cb9091680987d34c0b9fd1124281ae5979b6816a7d6bca868
/home/debian/github/StringHunter-private/croc/src/diskusage/diskusage.go,09d7e1a453d489f23fc61c3a753a4dd7,66b0a6ab1f20f6b30bde3ce358e85ea3969db4c9,baf5406104b64f3960fa74ed0b2b760212529b5f444b78a71286d227ad81d5c2
/home/debian/github/StringHunter-private/croc/src/diskusage/diskusage_windows.go,9edad5ab85d6a111a1ca656b3ef96969,c0532b1848c138fe7b69d2a99a14aac61defb42c,61c38bc779d53ff628ea29c8933d6ecb4d5b5d1b4361ee75ee654714f5258ffe
/home/debian/github/StringHunter-private/croc/src/diskusage/diskusage_test.go,087dc4705842d6502232966d9140b91d,5500a3f33b94f9eb60054b4db528603b8fbe7e8f,16964ebfbdc72bba6d3395f5b9e0ff1160a9b1d4e1318b8510f7dbf785b516e0
/home/debian/github/StringHunter-private/croc/src/cli/cli.go,f23482a2527638923a5f16eec571664c,88bfcf3262e2d7a0533c4984271a79a43b3a0c75,faadaf0a05ff089dccc8d512ddae3a5dea510f11a5bff317fb84f9325f0ee01c
/home/debian/github/StringHunter-private/croc/src/mnemonicode/mnemonicode.go,3ebebb4ebf69ca26bbb19f4b522076d9,018b05ace2bcb5784ff0dfb49dbc702a34f5a151,6fb4cdb372e88953de88b38b4dfa824dc6b87810a83f635361f040ff7186c8e7
/home/debian/github/StringHunter-private/croc/src/mnemonicode/wordlist.go,1c85a4a9c33787394d95930f45d93f93,98d903a178150f8cf84cc259b99df38a46860cc5,efc28d18fc89158fcf57cef98640384676351f46a7d4f9f1ef6113029325ed49
/home/debian/github/StringHunter-private/croc/src/compress/compress_test.go,c7cb3ef481fddbc6739c7e17a3307b8b,4f1318eac6ac90e979367156c924a1f11b5ec368,1519cc272b1c6edc120b876d7565207afe7ffbfbc6fbfddaaae64b235d2f8993
/home/debian/github/StringHunter-private/croc/src/compress/compress.go,79a040993c210a25adb9d129e50e61e2,1bf2a68f4f96c189842dccc22f1d9525ef65a060,18080225f24ccd87bc5a6fda34c4094b4b0498b7e7ade7b975aa41b348d50e93
/home/debian/github/StringHunter-private/croc/src/comm/comm.go,6ffa6ab456a632b33c65cc50693e6e64,35de3d6351ec5c7c67e473efb6180722e1f800c3,24cdadff0da7ad6f3817eb796bc73c4331f2041eacb7116a33625ced6c5d55bb
/home/debian/github/StringHunter-private/croc/src/comm/comm_test.go,46296445fdf759c2dfc89865aee9309d,4dcb1c635d46c12b46550db9145cc57737b71266,0221f01fc7e1e88b9d49249bff2d2ae07f00f2cdc560add243f66ff944bd97eb
