"https://github.com/mlcsec/proctools),"
http://schemas.microsoft.com/VisualStudio/2004/01/settings
http://schemas.microsoft.com/developer/msbuild/2003
http://schemas.microsoft.com/expression/blend/2008
http://schemas.microsoft.com/winfx/2006/xaml
http://schemas.microsoft.com/winfx/2006/xaml/presentation
http://schemas.modernwpf.com/2019
http://schemas.openxmlformats.org/markup-compatibility/2006
http://www.videolan.org/x264.html
http://www.w3.org/2001/XMLSchema
http://www.w3.org/2001/XMLSchema-instance
http://www.w3.org/XML/1998/namespace
http://xxx.cloudfront.net/Outlook.exe
https://clipchamp.com
https://clipchamp.com/en/video-editor
https://github.com/anthemtotheego/InlineExecute-Assembly)
https://github.com/mlcsec/FormThief/assets/47215311/12bcd4d4-890e-4670-850a-57d6b13475cb)
https://github.com/mlcsec/FormThief/assets/47215311/2ef4e9dc-785b-459f-b530-65801f6e0a22)
https://github.com/mlcsec/FormThief/assets/47215311/30dbc073-23b5-48bd-bb79-2fa60fad20be)
https://github.com/mlcsec/FormThief/assets/47215311/77acf1c6-50c6-4579-9bbc-51cb6f551ce5)
https://github.com/mlcsec/FormThief/assets/47215311/79166ad8-973b-40cd-8882-1b646bba88f7)
https://github.com/mlcsec/FormThief/assets/47215311/d4f92662-ca56-4afb-afd3-9e5ca5dbd721)
https://github.com/williamknows/BOF.NET).
https://keepass.info/help/base/keys.html
https://lastpass.com/create-account.php
