"{	[,8"
"{ "".MID"", 0"
"{ ""/home/"", ""/var/"", ""/media/"", ""/opt/"", ""/tmp/"""
"{ `kO,d"
"{!24lL,"
"{"""
"{"".3DM"", 0"
"{"".3DS"", 0"
"{"".3G2"", 0"
"{"".3GP"", 0"
"{"".602"", 0"
"{"".7Z"", 0"
"{"".ACCDB"", 0"
"{"".AES"", 0"
"{"".AI"", 0"
"{"".ARC"", 0"
"{"".ASC"", 0"
"{"".ASF"", 0"
"{"".ASM"", 0"
"{"".ASP"", 0"
"{"".AVI"", 0"
"{"".BACKUP"", 0"
"{"".BAK"", 0"
"{"".BAT"", 0"
"{"".BMP"", 0"
"{"".BRD"", 0"
"{"".BZ2"", 0"
"{"".C"", 0"
"{"".CGM"", 0"
"{"".CLASS"", 0"
"{"".CMD"", 0"
"{"".CPP"", 0"
"{"".CRT"", 0"
"{"".CS"", 0"
"{"".CSR"", 0"
"{"".CSV"", 0"
"{"".DB"", 0"
"{"".DBF"", 0"
"{"".DCH"", 0"
"{"".DER"", 0"
"{"".DIF"", 0"
"{"".DIP"", 0"
"{"".DJVU"", 0"
"{"".DOC"", 0"
"{"".DOCB"", 0"
"{"".DOCM"", 0"
"{"".DOCX"", 0"
"{"".DOT"", 0"
"{"".DOTM"", 0"
"{"".DOTX"", 0"
"{"".DWG"", 0"
"{"".EDB"", 0"
"{"".EML"", 0"
"{"".FLA"", 0"
"{"".FLV"", 0"
"{"".FRM"", 0"
"{"".GIF"", 0"
"{"".GPG"", 0"
"{"".GZ"", 0"
"{"".H"", 0"
"{"".HWP"", 0"
"{"".IBD"", 0"
"{"".ISO"", 0"
"{"".JAR"", 0"
"{"".JAVA"", 0"
"{"".JPEG"", 0"
"{"".JPG"", 0"
"{"".JS"", 0"
"{"".JSP"", 0"
"{"".KEY"", 0"
"{"".LAY"", 0"
"{"".LAY6"", 0"
"{"".LDF"", 0"
"{"".M3U"", 0"
"{"".M4U"", 0"
"{"".MAX"", 0"
"{"".MDB"",0"
"{"".MDF"", 0"
"{"".MKV"", 0"
"{"".MML"", 0"
"{"".MOV"", 0"
"{"".MP3"", 0"
"{"".MP4"", 0"
"{"".MPEG"",0"
"{"".MPG"", 0"
"{"".MSG"", 0"
"{"".MYD"", 0"
"{"".MYI"", 0"
"{"".NEF"", 0"
"{"".ODB"", 0"
"{"".ODG"", 0"
"{"".ODP"", 0"
"{"".ODS"", 0"
"{"".ODT"", 0"
"{"".ONETOC2"", 0"
"{"".OST"", 0"
"{"".OTG"", 0"
"{"".OTP"", 0"
"{"".OTS"", 0"
"{"".OTT"", 0"
"{"".P12"", 0"
"{"".PAQ"", 0"
"{"".PAS"", 0"
"{"".PDF"", 0"
"{"".PEM"", 0"
"{"".PFX"", 0"
"{"".PHP"", 0"
"{"".PL"", 0"
"{"".PNG"", 0"
"{"".POT"", 0"
"{"".POTM"", 0"
"{"".POTX"", 0"
"{"".PPAM"", 0"
"{"".PPS"", 0"
"{"".PPSM"", 0"
"{"".PPSX"", 0"
"{"".PPT"", 0"
"{"".PPTM"", 0"
"{"".PPTX"", 0"
"{"".PS1"", 0"
"{"".PSD"", 0"
"{"".PST"", 0"
"{"".RAR"", 0"
"{"".RAW"", 0"
"{"".RB"", 0"
"{"".RTF"", 0"
"{"".SCH"", 0"
"{"".SH"", 0"
"{"".SLDM"", 0"
"{"".SLDX"", 0"
"{"".SLK"", 0"
"{"".SLN"", 0"
"{"".SNT"", 0"
"{"".SQL"", 0"
"{"".SQLITE3"", 0"
"{"".SQLITEDB"", 0"
"{"".STC"", 0"
"{"".STD"", 0"
"{"".STI"", 0"
"{"".STW"", 0"
"{"".SUO"", 0"
"{"".SVG"", 0"
"{"".SWF"", 0"
"{"".SXC"", 0"
"{"".SXD"", 0"
"{"".SXI"", 0"
"{"".SXM"", 0"
"{"".SXW"", 0"
"{"".TAR"", 0"
"{"".TBK"", 0"
"{"".TGZ"", 0"
"{"".TIF"", 0"
"{"".TIFF"", 0"
"{"".TXT"", 0"
"{"".UOP"", 0"
"{"".UOT"", 0"
"{"".VB"", 0"
"{"".VBS"", 0"
"{"".VCD"", 0"
"{"".VDI"", 0"
"{"".VMDK"", 0"
"{"".VMX"", 0"
"{"".VOB"", 0"
"{"".VSD"", 0"
"{"".VSDX"", 0"
"{"".WAV"", 0"
"{"".WB2"", 0"
"{"".WK1"", 0"
"{"".WKS"", 0"
"{"".WMA"", 0"
"{"".WMV"", 0"
"{"".XLC"", 0"
"{"".XLM"", 0"
"{"".XLS"", 0"
"{"".XLSB"", 0"
"{"".XLSM"", 0"
"{"".XLSX"", 0"
"{"".XLT"", 0"
"{"".XLTM"", 0"
"{"".XLTX"", 0"
"{"".XLW"", 0"
"{"".ZIP"", 0"
"{""K"
"{""[1F8)"
"{""kE"
"{""|S"
"{##4""#S,li"
"{#,"
"{#|r).ji{_R,/Q_1@"
"{%m""AX@G"
"{(,!]Ng"
"{(`N,\x7~("
"{)s,'&j.u"
"{*""rZ"
"{+"""
"{+mi{mO,9PC"
"{,	vswODn1u\"
"{, ]d@"
"{,"
"{,$4.X"
"{,5"
"{,:Bvu"
"{,>s8"
"{,A"
"{,G<n"
"{,]!+2I*Lj^vU>~LQ4"
"{,^"
"{,^]"
"{,_"
"{,b"
"{,c,i"
"{,t-'d;0w"
"{,wLO"
"{/,yp"
"{/W,=T/"
"{/{5L"""
"{0"""
"{0-r""s"""
"{0r_+,"
"{1*nY,Me"
"{27O""T+k"
"{2n,q2|X"
"{4{el68Rl""f"
"{7z,@'"
"{9""~rXCsgv"
"{=""@"
"{>""+\f"
"{>zH`+Sh"""
"{?^,"
"{?d""3x|@"
"{B#W,$"
"{B<ZyL""GjC)B"
"{E""-_W^"
"{Fx@Z,"
"{I>G""""+uZS"
"{J	"""
"{J!;,<Y_7"
"{K,_@"
"{KhoXdL1Q)m:""S5?;"
"{Mc19t0 ^nT""m?#"
"{N!E""1mt"
"{Olo,^*Z"
"{S,U^"
"{T'#,"
"{T^Q!\\A9,M"
"{U,"
"{U3"""
"{Xn,"
"{ZK"""
"{],%"
"{_.],r"
"{_=s=y8>*.%m&o{B"""
"{`P<""u<WC9"
"{d,"
"{e+^ ]r"""
"{f,`HFpF/Y="
"{fA6)""|"
"{f].~[:,"
"{g@N""R<l_+"
"{g[S _,Y?5?<"
"{h,"
"{i""%<"
"{i,5"
"{j,"
"{lQ~,"
"{o^""*_]""H^"
"{pE""W)w~"
"{q71:E"""
"{t,"
"{u""g3R"
"{vv""~"
"{w"""
"{wZ^Af""+g!le\8N6gc"
"{wz$""4*wIr""7DL],l>t<6L.f"
"{xIL2j"""
"{zW."":"
"{{"""
"{{^N""&U"
"{|"""
"{}/.bash_profile', '{"
"{}/.profile', '{"
"{}Ly-9>_%""Y"
{	
{	$
{	$q	T
{	:?y
{	=c
{	]$
{ 
{ !D
{ #
{ .
{ .0P/Q(
{ LVN&?MQ
{ ^
{ a]T
{ get; 
{ get; set; 
{ mfN
{ r
{!
{!&
{!1
{!;<
{!Fbq
{!J
{!O.H@ZvP
{!ZV
{!`
{!aDW|FNt
{!l\\RoaQ>m$!&
{!|
{!~O|g{
{#
{#-8
{#7%1t
{#<;-
{#@
{#H]
{#LEOo1=-	=]DOo9$
{#Lqg
{#W*&7M6p>O=A|fx
{#YEoIA&*ab
{#[J.
{#p\
{$
{$!Z
{$%ar;
{$'Zr>!'Z
{$Y'
{$_Jeh`xOw_#A~Ye
{$_k
{$i
{$yFxSR
{$|~N%<@\
{%
{%;
{%;7t
{%Bu\U!)
{%R
{%SUNzfA
{%V
{%X/a
{%b;T!
{%g
{%i
{&
{&5
{&5Z3=i
{&5i(
{&7'?m`
{&=11<	13i
{&>oI
{&CzP
{&Ev@
{&Q
{&^bk&
{&b
{&c<SA
{&n4*
{&v
{'
{' l
{'#
{'.CI~; 
{'3;
{'8|
{';
{'A|Cl_#k
{'RYne[9
{'Server':'GonnaCry WebServer'
{']j|Wu^1>9O+
{'_gK
{'f5m<l0h
{'m PH
{'t
{'~?m
{(
{( 
{(#
{(&Mns
{(K
{(M1
{(W(K[cJ
{(Z$q/UvD
{(ZL_i|+U
{(wO
{(xA
{)	X'\
{)
{)?
{)K>SX
{)N
{)^
{)d$/nH
{)u
{){
{)~
{*
{*#Wyxxa|cZ
{*0L9
{*5
{*5K
{*=
{*N
{*T;{S?8n2T
{*l
{*oNj	G_1 G@	
{*tk
{*y
{*~
{+
{+${$;c
{+'
{+(A	!#O'N\
{++{(#Yy\H
{+0t
{+3
{+I
{+J
{+Q
{+RG
{+W
{+[Tu
{+][k
{+^foL y
{+aNgo
{+af		a`L6;XFiE3u{
{+p>Fv
{+w
{+{wl
{+~
{-
{-:o
{-?a
{-G
{-L H	tx
{-W
{-YyNI	
{-_Srt'M`L
{-aVd'	n4
{-p
{-t
{-|$m
{.
{.'MW
{.23
{.3
{.6UJ[~y
{.;7Z8w7y;Huj>
{.=
{.=w
{.C
{.D
{.G
{.Tlo
{.[k;~=
{.c
{.h4Fl=s^
{.o=:
{/	gF
{/
{/&
{/(
{/*uU
{/*z
{/+d
{/- >
{/-W
{/FR/
{/M
{/TqJ3[
{/Y
{/m/;A
{/r
{/r2w5%	
{0
{0![3>%
{0(
{0<{1H<
{0CI&Q
{0F
{0]<
{0^&
{0jo]bIo
{0jr
{0{
{1
{1'
{1(TNW1
{13g
{1H~
{1K&k
{1RSR#
{1W{
{1[
{1^
{1^VKIr
{1c~<
{1ll
{1|c-t7T
{2
{2*
{2>\gM
{2EJkmG
{2N
{2Q
{2]
{2rr2ykm
{2u
{2y:
{2~	o{p
{3
{3#(v$v
{3)i
{31
{35
{3;gc5d8M^T\^
{3K
{3S
{3T
{3T!v~4>*2
{3TE`
{3Z
{3]]
{3_$xp|#>
{3u
{3w#*
{3wiB#l|
{3y4%
{3{
{3~?
{4
{4@
{4B
{4OGw|3
{4VyZ?D	XA=v xbf
{4[3
{4]l
{4e
{4hm
{4kv
{4qqJ/
{4rTz7M<_@K
{4sHMG+@
{4t
{4yx>
{5
{5KYtL
{5T?Wyp:
{5U?
{5i
{5l7K
{5pAe!=S
{6
{6 TsY
{6*
{61
{6:
{6=
{6D7Rz
{6TZ8|n	r!iR
{6VO
{6W(K
{6Y(A{?7_[GX|XB
{6w?Su
{6xP
{7
{7#
{73Wl9J
{74m=f
{7Uhr.F
{7Zc8
{7^D>
{7n/LVPL[OWD\XLMrdB|06p
{7u
{8
{8<
{8<c2
{8H
{8Ig
{8S\W
{8WhMb
{8YI
{8`/q
{8si7d
{8u8
{8~v
{9
{9(
{9+:~
{9-
{90t>_
{91Nr\o
{93)r
{941
{9>kf%3Q
{9Te
{9Y^!e	
{9j1
{:
{:0
{:7:h*D
{::
{:>
{:DspQ[]o~0A
{:GqCj
{:KR'~F]
{:M''F?B
{:ZT
{:`$
{:m
{:uA
{:v
{:w3N
{:z
{:|B
{:~ raRKyN
{;
{; P85b
{;+$+Y1P&H7
{;7Jq
{;>!~iX\d
{;?;3
{;Ie
{;Z
{;_(;#
{;e
{;y	
{;z
{<
{<'
{<>pe1
{<C
{<O9
{<VaJ
{<bl?
{<f
{<h6-aFfOX	%(YLxR
{<v
{=
{=*+
{=*y{<
{=/G
{=2K
{==
{=@
{=E
{=H
{=J
{=PA|
{=YN
{=^e7z
{=fwyTbUu{D
{=o
{=q2bOBbQO`
{=s
{=uN
{=z
{=~vXW+
{>
{>*)T
{>+bcn
{><
{><y>
{>D
{>ZY
{>a
{>d
{>dR
{>ez&#.
{>fJ'>m
{>fp_BhL
{>l
{>t2
{>w:_a
{>w~
{>~]
{?
{?!]fZ
{?)O_t'\
{??(	G;C1n#I
{?J
{?V
{?[{
{?elpV
{?k~8%
{?s&
{?y
{@	
{@
{@9
{@:
{@G?|
{@_C
{@d.
{@s
{@|s)m
{A
{A$CdJ]4
{A+8RkF$KR?E@
{A.
{A7x$'&
{AFXAh
{AI!d
{AJ>zH.g
{AMi
{AR9ns=
{AS
{AYV*
{A`=SOCfOZ\@<;
{Aa.
{AgQ(_
{Ak
{An\t
{Ar8eP
{A|m(<N
{B
{B(
{BRs(-Z
{BYK
{B]o
{Bcj7X:$w>XR|W3A_o 
{Bfbah(s7-5
{Bk
{B{I>[r!p
{C
{C$3
{C%
{C.y:
{C<
{C?:)1
{C?N
{CGC
{CP
{C^
{C_P^+C_
{Cb
{Crt$
{Cs[C
{Cz
{D
{D =
{D%a?h
{D1	~--|;1q!a'V 
{D>GJ|f`
{D?VQK^B`
{DL[+)!
{DP
{DQKPC
{DdS[e&d
{DmPn*!9_d?
{Dp
{DwS
{Dy
{DzuhsG&
{E
{E!45]	A
{E'		s
{E:3
{E;@nb>N
{EA
{EQ
{ES
{EYCP^{:
{Eby=2{6^'
{Ek&
{E| 
{F
{F'=45V
{F(FY
{F3
{F8c
{FZ
{F_
{F_mv
{Fp.
{G
{G _o
{G+v&1b#cj/a`
{G1TB
{G89h*d1+a
{G;WYN@d
{GE1|6
{GEC]R;
{GGv
{GQ
{G]'
{G_
{Gg
{Gp'u'
{GyW7)]
{H
{H!	;
{H$e
{H&
{H4
{H?
{HN&
{HX4TC
{HYzy
{Hj4
{Hkz
{I
{I.3.8'
{I2
{I4EJ
{I8 '1T
{I8!
{I<
{I@ZMo.w7QX`
{IFn4xj{VDb<Vz0
{IME
{IO^V
{IWh
{IXciD|.#@t=#
{I]
{Ik<<YFE9x`
{Im	
{IoO|^i@k
{IuY-B
{IzKS4a
{J
{J*
{J-
{J/:k\8
{J3yDZ_pV
{J?4D
{JP
{J_H
{Jj(
{JjJU&u@!>F
{JlF
{Jog
{Jp4	
{J~
{K	
{K
{K/'t
{K:q
{K;~
{K?
{KB
{KK/k
{KPP
{KRao#
{KU
{KV9m
{K`Z+
{Kki
{Kx
{L
{L$GS
{L+
{L2
{L7
{L@
{L[
{L^ 
{L_
{L_ja
{LrwoX
{Lv[
{Lw
{LyO
{LyvHWE
{L{
{M
{M!
{M%)MURS
{M(^
{M/
{M6
{M79
{MH
{MH7W5B:K
{MNxIp=;
{MSSj]E?
{MVNt@O
{M`
{MlX
{M{m{=vk
{N
{NAJ)sZaFs
{NH9
{NJ0
{NQ=gx_3
{NTO:
{NUi
{NW
{Nb<ho1
{Nm
{NpCZ1:
{Nzs
{O
{O #|
{O **mE
{O.j.9M$O
{O2xBh
{O<N<
{O>Ir
{OA8mIX
{OA{*
{OKx;
{OQyQVFGd
{OW
{Od
{O{v1w
{P
{P+%
{P.&l;mH4
{P1
{P:Aw`tyM8
{PQ
{PXk
{PYO=
{PZ
{P]Jf
{P_
{Pahhoz
{PpA
{PplCDO
{Prmp~
{PsO_np;
{PwrII]
{P~168b_$wG(
{Q
{Q 
{Q&IrnK
{Q'<6L
{Q(;)n
{Q)
{Q.4U
{Q2gN
{QE
{QP7n~X=N;un
{QQ
{QS	*Y
{QSD
{Q^0^yUr#=/3G
{Q^@
{Qe8
{Qg
{Qn+?;-
{Qso1{$_HnM{
{Qt
{Qv8Da^
{Q{c
{Q~-y%REx
{R
{R50I
{R5`o+Z
{R7N
{R83i
{RKU
{RLUa
{RMYk
{RO5
{RQA.
{R^
{R`[f=>o`)
{Rg
{RgfyY6X
{S
{S+
{S1\
{S:
{S?cq
{SCm
{SD%K
{SDGM-Mrg	
{SO{r
{SV(
{SVh
{S]`
{ShV#X|1Z
{Si E
{Sj
{SxxF
{S~
{T
{T()8\*
{T(_z
{T4~
{T8	^q
{TC-=)
{TG
{TO>
{T^f
{TgL
{Ts@
{T{v
{U	>
{U
{U 
{U+
{U-
{U0
{U6sDsV
{UDPk	.
{UL
{US
{UYIN
{U^%?
{Uc>
{Uk)%v
{UzW$
{U{X
{V
{V(/
{V(A
{V.Y8\
{V2
{V7A
{V;\wz7%')
{VHJ0
{VaR]BVi-g$Z%*@p{Zi
{Vg
{W
{W*+Cq^'
{W>O
{W@-n_F
{WFpMw[HPU
{WFpf[6KcL
{Wl
{Wq
{Wx
{W~wE
{X
{X'
{X(O]Hcv
{X*
{X8C
{XL?GMP
{XQFl#
{XWq
{XY`RD$PFj
{X{
{X{d].?0
{Y
{Y!GLO`~
{Y#wZNQUt9
{Y&Ig]L
{Y'Y!
{Y(V
{Y*/C{
{Y1
{Y4
{Y:cU$x
{YId
{YUsrMmk
{YXry{GnKi
{YY;~c)Rfo
{Y\E6
{Yhe{
{Yk
{Z
{Z*n`e**/
{Z/a
{Z>6
{ZI
{ZOpP
{ZUxwmbl
{Z\R
{ZkON~SroRiKC2
{ZmVZH
{Zr
{Zw
{ZxZO!
{Z{Nz/
{[
{[.\Mv
{[0
{[4O3q
{[7
{[:
{[:\*L
{[=>nG
{[?8
{[E^
{[Q+=$
{[U
{[V
{[`H#v
{[iQv:
{[mP4j15P
{[n
{[pQ
{[vc
{\
{\>J
{\D-)'FNWU_5-uR7q[
{\E[
{\N[*5|
{\T.t.
{\Y%lxoYJqe
{\\?
{\\_.\>w
{\d
{\eJ
{\kPyn
{\y
{\z!lNL
{\zhZD
{\|`
{]
{]+u3uR_H
{]-H
{]5
{]KYR40b
{]QQ
{]U[D[\
{]d6x(I?Jn
{]sVw
{]||
{^	pq
{^
{^!
{^&<
{^(
{^+
{^1
{^6
{^82ur
{^N~
{^[
{^\
{^i7{I
{^iw{I
{^l%K*g7
{^z
{^|
{^|kkY
{_
{_'
{_3v:6
{_<$
{_>.
{_K
{_L
{_N
{_O
{_VR
{_X
{_\z
{_`
{_dxK
{_og
{_pF
{_ppM
{_|0`4I{8&
{_|j
{`
{`#-N4q%&
{`3
{`6c=
{`89	yM0
{`D
{`H
{`O
{`THpemAsU]
{`]
{`e
{`f
{a(
{a0:`:
{a5.1
{a@
{aO~A65Fjo
{aZ
{a^
{ag#
{ah$
{an
{as
{b
{b&l!r?UOl>
{b0e4r
{b7 U-{z	
{b:kU
{b<
{b<(
{bFP
{bS
{bU
{b[_DD
{c
{c$
{c7
{c?W
{cJ'gS'
{cP
{cZH2'
{ca
{cf:
{command:pickProcess
{cr
{ct
{c{VPx
{c~
{c~N
{d
{d'Sr%
{d)nh2xWeCj	T
{d<
{d=7
{dB
{dFc
{dMhFlJSh
{dU
{d`Uy
{daGVU]@!T
{description
{df
{dy.c\I-
{e
{e@B
{eHH)d
{eHl;f
{eLtj(B
{eMP$G
{eV
{eWleL{h
{eXf
{ed
{e{^I/IE?U
{f
{f.Qk)
{f704\K+@ d9yoH
{f:V`#
{f;
{f>
{fCl
{fTF';7
{fW&
{fX
{fe
{foY
{fullname
{fz 
{g
{g#
{g'
{g.KC=G
{g0
{g=
{gH_
{g\	YP>
{gd
{gqt-
{gvX
{gxp.J0I
{g{X{j0
{g|k
{h
{h(VWO
{h)Jh
{h+
{h/
{h9c#/*T
{hD0
{hG
{hJ=
{hRh
{hU/
{hcBs/
{hk )gV$Iq v
{ho`
{hv
{hw
{h~WN2us
{i
{i$p%
{i&u
{i&wF
{i-
{i:f
{i;M
{iB
{iD
{iG.n]($
{iM
{iR
{i[;V
{i[N_gz
{i^#Av8XMA
{iy
{izW8C=i&
{i~
{i~[!o|
{j
{j#q
{j'Vn\)`
{j-
{j/*
{j4
{jJ
{jM\
{jNA
{jO7
{j]
{jf
{jh
{ji
{jrN
{ju)
{k
{k*
{k6S2
{k9
{k>#0
{kR
{k]^Y
{ki
{kk
{kpmt`KjYp]jyp
{ks>
{kwnzP
{l	
{l
{l0&n
{l<0u(y^v
{lMl
{lSL
{l^
{l^~M|
{lb
{le8
{l{s
{m	'uG.^m
{m
{m%5;
{m4Q
{m8.
{m<2Jh#
{m>kl0
{m`^
{mf[
{mk]
{mr
{mrB6&
{mx8
{mzo
{m~94!
{n
{n!
{n*
{n+hc
{n7mwA
{n>Qn
{nAokZg
{nG
{nG<
{nH
{n[L
{nc.ei7
{nxZnlW_
{nzJ
{o
{o'E
{o'|C
{o:
{oDJ
{oG4Z_fmv
{oM{
{oTi
{oWh
{oZG>
{o\`f
{oc
{orUD
{p
{p%oq'
{p)
{p)'pN\@;
{p1
{p6wvUs/S@C94Y)
{pF?	
{pK`$`
{pKk:`;XeN|+
{pP
{pT&
{p`RDc6^VSht
{p`s7z$R
{pe7F
{pf
{p{
{p{/{
{p~
{p~b
{q
{q-F@ 5wWeL
{q.]
{q2.OH5-Ox3
{q4
{q4tZ
{q>0
{qHH
{qK&
{qLh/y
{qS
{qeWkq
{qh
{qif
{qpg
{qy!\
{q{	qx
{q{
{r
{r(j
{r/!
{r=3K6
{rGs6
{rO.
{rm@
{rwIWWJ[_
{rxsn
{r|\b<na
{s
{s$
{s'
{s0
{s:
{s=g{
{sF
{sQ{
{sRT
{sVL(kWO
{sZu
{s\.nj-	tma
{s]
{s`Ey
{sd~
{sh
{signature of Ty Coon
{sm?
{sr+siCI
{ss
{sz
{t
{t0SH DY(9:Z
{t3
{tE
{tJ4
{tKa
{t\i5
{tbrh8!
{tjx1]
{tm)d
{tp
{tw
{txY$
{u
{u'bb
{u-r&S/C{!0
{u6xlom
{uA@I
{uIw6X
{uT
{uWSC
{uZX~SgS5o
{u]/Te
{ueW
{uqt
{u{1Gt:Y
{u| x
{v
{v 
{v%	5D9
{v/y`AcC/Jw.g
{v6=Yy~
{v7l
{v<=V
{vO53H%)
{v`CB[(HH3>X
{vbN
{w
{w-
{w-M
{w/U?|(-BM
{w8rR
{w@A
{wL:
{wN
{wP
{wT
{wUaaGy9zLyIN+
{w_
{wilM
{wlr1
{workspaceFolder
{ww
{ww.p
{wzMM
{x
{x$227
{x8
{x9
{x;Y|.C
{x?f[j*
{xC
{xT6vS
{xW
{xX=~	
{xc
{xql
{xul
{xx
{xy
{xz!
{x{
{y
{y$
{y(
{y2l]
{y5R{6
{y8H
{y91g
{y<
{y><&1 
{y?s
{yK
{yM`
{y]
{yd64
{year
{yh'hYB3F29.X
{yq\
{yu~zJAa
{z
{z$.
{z':).vwc-q
{z49
{z;
{z>0
{zL82
{zNQR
{zWrz#B=z^E_'p
{zY
{zZ
{z^m6E
{zg
{ziv|
{znf
{zt*rC96YdoO
{zu
{zx	
{zy
{{
{{##d
{{*Q
{{+
{{+--:/(x&
{{+l_
{{/ /
{{6n
{{7
{{E>R~Zx;]Hr&ra2CT|
{{H
{{K4DD>t
{{ZY[>`
{{^zBK@N
{{d.
{{dCP+w
{{h[
{{n5-Yf
{{oP
{{pDM
{{q
{{sc-
{{{
{{{{{{{+
{{{{{{{{{K'H
{|
{|&
{|'K*:_\9
{|)j
{|4Kd?1jS
{|G
{|H
{|H/s
{|J
{|W
{|e#
{|f
{|g
{|v@? Lm=
{}
{}-[KH0
{}.py -n {
{}/
{}99'=2
{}Client private key decrypted and stored to disk{
{}Decryption finished!{
{}F+
{}Gj
{}KYsht
{}N
{}OK{
{}W
{}ZW5ax%S_n/u=
{}] At [{
{}p(ey~>l0
{}zt
{~
{~$ZJQ
{~(`
{~/i
{~9]O7UABy2'
{~D
{~R?+4yA*
{~UT3o	
{~X
{~Z_
{~\VrkZ~YO/~i0[
{~]
{~^
{~hG<
{~x{~n\q^sbvkxlve|l
