"""	@"
""" "
""" #_NewItem "
""" #_NewName "
""" #_Replacement "
""" #high "
""" #low "
""" - "
""" /AI "
""" /BCD "
""" /Fo"
""" /Fp"
""" /I "
""" Condition="
""" Label="
""" ToolsVersion="
""" _CRT_STRINGIZE(__LINE__) "
""" _CRT_STRINGIZE(ctype) "
""" _SA_SPECSTRIZE(pp1) "
""" _SA_SPECSTRIZE(pp2) "
""" _SA_SPECSTRIZE(pp3) "
""" _THREAD_QUOT(__LINE__) "
""" and wait for the WinRPC socket to put a packet into our "
""" encoding="
""" instead or define _WINSOCK_DEPRECATED_NO_WARNINGS to disable deprecated API warnings"
""" instead. To disable deprecation, use _CRT_SECURE_NO_WARNINGS. "
""" is out of range '"
""" szOID_KP_EFS "
""" szOID_PKIX_KP_EMAIL_PROTECTION "
""" xmlns="
""" {"
"""!"
"""!<arch>\n"
"""!x-sys-default-locale"
""""" "
""""" __FILE__ "
"""""!"
""""""
""""", "
"""""1"
"""""A"
"""""Q"
"""##replacement##"
"""$"
"""$(UserRootDir)\Microsoft.Cpp.$(Platform).user.props"
"""$(VCTargetsPath)\Microsoft.Cpp.Default.props"
"""$(VCTargetsPath)\Microsoft.Cpp.props"
"""$(VCTargetsPath)\Microsoft.Cpp.targets"
"""%2X"
"""%S;%S\\%S\n"
"""%ls"
"""%s"
"""'"
"""'$(Configuration)|$(Platform)'=='Debug|Win32'"
"""'$(Configuration)|$(Platform)'=='Debug|x64'"
"""'$(Configuration)|$(Platform)'=='Release|Win32'"
"""'$(Configuration)|$(Platform)'=='Release|x64'"
"""("
""") : warning CRT0000 : "
""") = "
""") cpp_quote("
""")"
"""), "
"""), _ARMINTR_ASSERT(((type) != _ARM_ASR) || _ARMINTR_IN_RANGE((amt), 1, 31), "
"""), _ARMINTR_ASSERT(((type) != _ARM_ASR) || _ARMINTR_IN_RANGE((amt), 1, 32), "
"""), _ARMINTR_ASSERT(((type) != _ARM_LSL) || _ARMINTR_IN_RANGE((amt), 0, 31), "
"""), _ARMINTR_ASSERT_RANGE((_Width), 1, 32-(_Lsb), "
"""), _Requires_lock_held_(_Curr_)) _When_(_Arg_comp_(#kind,"
"""), __static_assert(_NEON_ALIGN16(align) >= 0, "
"""), __static_assert(_NEON_ALIGN32(align) >= 0, "
"""), __static_assert(_NEON_ALIGN64(align) >= 0, "
"""), __static_assert(_NEON_ALIGN64_128(align) >= 0, "
"""): "
""", "
""", (FARPROC) WspiapiLegacyGetAddrInfo, "
""", (FARPROC) WspiapiLegacyGetNameInfo, "
""","
"""-a <argument>: command line argument to pass to program (default null)\n"
"""-c <{clsid}>: CLSID (default BITS:{4991d34b-80a1-4291-83b6-3328366b9097})\n"
"""-k <ip>: RPC server ip address (default 127.0.0.1)\n"
"""-l <port>: COM server listen port (default 2333)\n"
"""-m <ip>: COM server listen address (default 127.0.0.1)\n"
"""-n <port>: RPC server listen port (default 135)\n"
"""-p <program>: program to launch (default werfault.exe)\n"
"""-p <program>: program to launch\n (default c:\\windows\\system32\\cmd.exe)\n"
"""-s <shellcode>: hex shellcode to loader (default NULL)\n"
"""-t createprocess call: <t> CreateProcessWithTokenW, <u> CreateProcessAsUser, <*> try both (default t)\n"
"""-z only test CLSID and print token's user\n"
""". See online help for details."
"""."
""".AuthRoot"
""".Default"
""".Enterprise"
""".GroupPolicy"
""".LocalMachine"
""".LocalMachineGroupPolicy"
""".SmartCard"
""".UserCertificate"
""".apiset"
""".crt"
""".sys"
"""/               "
"""//              "
"""/c "
"""0"
"""0.1"
"""0.4.0.1862.1.1"
"""0.4.0.1862.1.4"
"""0.9.2342.19200300.100.1.25"
"""1"
"""1.0"
"""1.1"
"""1.2"
"""1.2.840.10040"
"""1.2.840.10040.4.1"
"""1.2.840.10040.4.3"
"""1.2.840.10045.2.1"
"""1.2.840.10045.3.1.7"
"""1.2.840.10045.4.1"
"""1.2.840.10045.4.3"
"""1.2.840.10045.4.3.2"
"""1.2.840.10045.4.3.3"
"""1.2.840.10045.4.3.4"
"""1.2.840.10046"
"""1.2.840.10046.2.1"
"""1.2.840.113549"
"""1.2.840.113549.1"
"""1.2.840.113549.1.1"
"""1.2.840.113549.1.1.1"
"""1.2.840.113549.1.1.10"
"""1.2.840.113549.1.1.11"
"""1.2.840.113549.1.1.12"
"""1.2.840.113549.1.1.13"
"""1.2.840.113549.1.1.2"
"""1.2.840.113549.1.1.3"
"""1.2.840.113549.1.1.4"
"""1.2.840.113549.1.1.5"
"""1.2.840.113549.1.1.6"
"""1.2.840.113549.1.1.7"
"""1.2.840.113549.1.1.8"
"""1.2.840.113549.1.1.9"
"""1.2.840.113549.1.10"
"""1.2.840.113549.1.12"
"""1.2.840.113549.1.12.1"
"""1.2.840.113549.1.12.1.1"
"""1.2.840.113549.1.12.1.2"
"""1.2.840.113549.1.12.1.3"
"""1.2.840.113549.1.12.1.4"
"""1.2.840.113549.1.12.1.5"
"""1.2.840.113549.1.12.1.6"
"""1.2.840.113549.1.2"
"""1.2.840.113549.1.3"
"""1.2.840.113549.1.3.1"
"""1.2.840.113549.1.4"
"""1.2.840.113549.1.5"
"""1.2.840.113549.1.6"
"""1.2.840.113549.1.7"
"""1.2.840.113549.1.7.1"
"""1.2.840.113549.1.7.2"
"""1.2.840.113549.1.7.3"
"""1.2.840.113549.1.7.4"
"""1.2.840.113549.1.7.5"
"""1.2.840.113549.1.7.6"
"""1.2.840.113549.1.8"
"""1.2.840.113549.1.9"
"""1.2.840.113549.1.9.1"
"""1.2.840.113549.1.9.14"
"""1.2.840.113549.1.9.15"
"""1.2.840.113549.1.9.15.1"
"""1.2.840.113549.1.9.16.1.4"
"""1.2.840.113549.1.9.16.3"
"""1.2.840.113549.1.9.16.3.5"
"""1.2.840.113549.1.9.16.3.6"
"""1.2.840.113549.1.9.16.3.7"
"""1.2.840.113549.1.9.2"
"""1.2.840.113549.1.9.20"
"""1.2.840.113549.1.9.21"
"""1.2.840.113549.1.9.3"
"""1.2.840.113549.1.9.4"
"""1.2.840.113549.1.9.5"
"""1.2.840.113549.1.9.6"
"""1.2.840.113549.1.9.7"
"""1.2.840.113549.1.9.8"
"""1.2.840.113549.1.9.9"
"""1.2.840.113549.2"
"""1.2.840.113549.2.2"
"""1.2.840.113549.2.4"
"""1.2.840.113549.2.5"
"""1.2.840.113549.3"
"""1.2.840.113549.3.2"
"""1.2.840.113549.3.4"
"""1.2.840.113549.3.7"
"""1.2.840.113549.3.9"
"""1.3.132.0.34"
"""1.3.132.0.35"
"""1.3.132.1.11.1"
"""1.3.132.1.11.2"
"""1.3.133.16.840.63.0.2"
"""1.3.14"
"""1.3.14.3.2"
"""1.3.14.3.2.10"
"""1.3.14.3.2.11"
"""1.3.14.3.2.12"
"""1.3.14.3.2.13"
"""1.3.14.3.2.14"
"""1.3.14.3.2.15"
"""1.3.14.3.2.16"
"""1.3.14.3.2.17"
"""1.3.14.3.2.18"
"""1.3.14.3.2.19"
"""1.3.14.3.2.2"
"""1.3.14.3.2.20"
"""1.3.14.3.2.21"
"""1.3.14.3.2.22"
"""1.3.14.3.2.23"
"""1.3.14.3.2.24"
"""1.3.14.3.2.25"
"""1.3.14.3.2.26"
"""1.3.14.3.2.27"
"""1.3.14.3.2.28"
"""1.3.14.3.2.29"
"""1.3.14.3.2.3"
"""1.3.14.3.2.4"
"""1.3.14.3.2.6"
"""1.3.14.3.2.7"
"""1.3.14.3.2.8"
"""1.3.14.3.2.9"
"""1.3.14.7.2"
"""1.3.14.7.2.1"
"""1.3.14.7.2.2"
"""1.3.14.7.2.2.1"
"""1.3.14.7.2.3"
"""1.3.14.7.2.3.1"
"""1.3.6.1.4.1.311.10.1"
"""1.3.6.1.4.1.311.10.1.1"
"""1.3.6.1.4.1.311.10.10.1"
"""1.3.6.1.4.1.311.10.11."
"""1.3.6.1.4.1.311.10.11.104"
"""1.3.6.1.4.1.311.10.11.15"
"""1.3.6.1.4.1.311.10.11.20"
"""1.3.6.1.4.1.311.10.11.28"
"""1.3.6.1.4.1.311.10.11.29"
"""1.3.6.1.4.1.311.10.11.4"
"""1.3.6.1.4.1.311.10.12.1"
"""1.3.6.1.4.1.311.10.2"
"""1.3.6.1.4.1.311.10.3.1"
"""1.3.6.1.4.1.311.10.3.10"
"""1.3.6.1.4.1.311.10.3.11"
"""1.3.6.1.4.1.311.10.3.12"
"""1.3.6.1.4.1.311.10.3.13"
"""1.3.6.1.4.1.311.10.3.14"
"""1.3.6.1.4.1.311.10.3.15"
"""1.3.6.1.4.1.311.10.3.16"
"""1.3.6.1.4.1.311.10.3.19"
"""1.3.6.1.4.1.311.10.3.2"
"""1.3.6.1.4.1.311.10.3.20"
"""1.3.6.1.4.1.311.10.3.21"
"""1.3.6.1.4.1.311.10.3.22"
"""1.3.6.1.4.1.311.10.3.23"
"""1.3.6.1.4.1.311.10.3.24"
"""1.3.6.1.4.1.311.10.3.25"
"""1.3.6.1.4.1.311.10.3.26"
"""1.3.6.1.4.1.311.10.3.3"
"""1.3.6.1.4.1.311.10.3.3.1"
"""1.3.6.1.4.1.311.10.3.30"
"""1.3.6.1.4.1.311.10.3.4"
"""1.3.6.1.4.1.311.10.3.4.1"
"""1.3.6.1.4.1.311.10.3.5"
"""1.3.6.1.4.1.311.10.3.50"
"""1.3.6.1.4.1.311.10.3.6"
"""1.3.6.1.4.1.311.10.3.7"
"""1.3.6.1.4.1.311.10.3.8"
"""1.3.6.1.4.1.311.10.3.9"
"""1.3.6.1.4.1.311.10.4.1"
"""1.3.6.1.4.1.311.10.5.1"
"""1.3.6.1.4.1.311.10.5.2"
"""1.3.6.1.4.1.311.10.6.1"
"""1.3.6.1.4.1.311.10.6.2"
"""1.3.6.1.4.1.311.10.7.1"
"""1.3.6.1.4.1.311.10.8.1"
"""1.3.6.1.4.1.311.10.9.1"
"""1.3.6.1.4.1.311.13.1"
"""1.3.6.1.4.1.311.13.2.1"
"""1.3.6.1.4.1.311.13.2.2"
"""1.3.6.1.4.1.311.13.2.3"
"""1.3.6.1.4.1.311.17.1"
"""1.3.6.1.4.1.311.17.2"
"""1.3.6.1.4.1.311.17.3"
"""1.3.6.1.4.1.311.17.4"
"""1.3.6.1.4.1.311.2.1.14"
"""1.3.6.1.4.1.311.20.1"
"""1.3.6.1.4.1.311.20.2"
"""1.3.6.1.4.1.311.20.2.1"
"""1.3.6.1.4.1.311.20.2.2"
"""1.3.6.1.4.1.311.20.2.3"
"""1.3.6.1.4.1.311.20.2.4"
"""1.3.6.1.4.1.311.20.3"
"""1.3.6.1.4.1.311.21.1"
"""1.3.6.1.4.1.311.21.10"
"""1.3.6.1.4.1.311.21.11"
"""1.3.6.1.4.1.311.21.12"
"""1.3.6.1.4.1.311.21.13"
"""1.3.6.1.4.1.311.21.14"
"""1.3.6.1.4.1.311.21.15"
"""1.3.6.1.4.1.311.21.16"
"""1.3.6.1.4.1.311.21.17"
"""1.3.6.1.4.1.311.21.19"
"""1.3.6.1.4.1.311.21.2"
"""1.3.6.1.4.1.311.21.20"
"""1.3.6.1.4.1.311.21.21"
"""1.3.6.1.4.1.311.21.22"
"""1.3.6.1.4.1.311.21.23"
"""1.3.6.1.4.1.311.21.24"
"""1.3.6.1.4.1.311.21.25"
"""1.3.6.1.4.1.311.21.26"
"""1.3.6.1.4.1.311.21.27"
"""1.3.6.1.4.1.311.21.28"
"""1.3.6.1.4.1.311.21.29"
"""1.3.6.1.4.1.311.21.3"
"""1.3.6.1.4.1.311.21.30"
"""1.3.6.1.4.1.311.21.31"
"""1.3.6.1.4.1.311.21.32"
"""1.3.6.1.4.1.311.21.33"
"""1.3.6.1.4.1.311.21.4"
"""1.3.6.1.4.1.311.21.5"
"""1.3.6.1.4.1.311.21.6"
"""1.3.6.1.4.1.311.21.7"
"""1.3.6.1.4.1.311.21.8"
"""1.3.6.1.4.1.311.21.9"
"""1.3.6.1.4.1.311.25.1"
"""1.3.6.1.4.1.311.3.3.1"
"""1.3.6.1.4.1.311.31.1"
"""1.3.6.1.4.1.311.60.1.1"
"""1.3.6.1.4.1.311.60.2.1.1"
"""1.3.6.1.4.1.311.60.2.1.2"
"""1.3.6.1.4.1.311.60.2.1.3"
"""1.3.6.1.4.1.311.60.3.1"
"""1.3.6.1.4.1.311.60.3.2"
"""1.3.6.1.4.1.311.60.3.3"
"""1.3.6.1.4.1.311.61.1.1"
"""1.3.6.1.4.1.311.61.4.1"
"""1.3.6.1.4.1.311.61.5.1"
"""1.3.6.1.4.1.311.72.1."
"""1.3.6.1.4.1.311.72.1.1"
"""1.3.6.1.4.1.311.72.2."
"""1.3.6.1.4.1.311.72.2.1"
"""1.3.6.1.4.1.311.76.3.1"
"""1.3.6.1.4.1.311.76.5.1"
"""1.3.6.1.4.1.311.76.8.1"
"""1.3.6.1.5.2.3.5"
"""1.3.6.1.5.5.7"
"""1.3.6.1.5.5.7.1"
"""1.3.6.1.5.5.7.1.1"
"""1.3.6.1.5.5.7.1.11"
"""1.3.6.1.5.5.7.1.12"
"""1.3.6.1.5.5.7.1.2"
"""1.3.6.1.5.5.7.1.3"
"""1.3.6.1.5.5.7.12.2"
"""1.3.6.1.5.5.7.12.3"
"""1.3.6.1.5.5.7.2.1"
"""1.3.6.1.5.5.7.2.2"
"""1.3.6.1.5.5.7.20.1"
"""1.3.6.1.5.5.7.20.2"
"""1.3.6.1.5.5.7.3"
"""1.3.6.1.5.5.7.3.1"
"""1.3.6.1.5.5.7.3.2"
"""1.3.6.1.5.5.7.3.3"
"""1.3.6.1.5.5.7.3.4"
"""1.3.6.1.5.5.7.3.5"
"""1.3.6.1.5.5.7.3.6"
"""1.3.6.1.5.5.7.3.7"
"""1.3.6.1.5.5.7.3.8"
"""1.3.6.1.5.5.7.3.9"
"""1.3.6.1.5.5.7.48"
"""1.3.6.1.5.5.7.48.1"
"""1.3.6.1.5.5.7.48.1.1"
"""1.3.6.1.5.5.7.48.1.2"
"""1.3.6.1.5.5.7.48.1.5"
"""1.3.6.1.5.5.7.48.2"
"""1.3.6.1.5.5.7.48.3"
"""1.3.6.1.5.5.7.48.5"
"""1.3.6.1.5.5.7.6.2"
"""1.3.6.1.5.5.7.7"
"""1.3.6.1.5.5.7.7.1"
"""1.3.6.1.5.5.7.7.10"
"""1.3.6.1.5.5.7.7.11"
"""1.3.6.1.5.5.7.7.15"
"""1.3.6.1.5.5.7.7.16"
"""1.3.6.1.5.5.7.7.17"
"""1.3.6.1.5.5.7.7.18"
"""1.3.6.1.5.5.7.7.19"
"""1.3.6.1.5.5.7.7.2"
"""1.3.6.1.5.5.7.7.21"
"""1.3.6.1.5.5.7.7.22"
"""1.3.6.1.5.5.7.7.23"
"""1.3.6.1.5.5.7.7.24"
"""1.3.6.1.5.5.7.7.3"
"""1.3.6.1.5.5.7.7.4"
"""1.3.6.1.5.5.7.7.5"
"""1.3.6.1.5.5.7.7.6"
"""1.3.6.1.5.5.7.7.7"
"""1.3.6.1.5.5.7.7.8"
"""1.3.6.1.5.5.7.7.9"
"""1.3.6.1.5.5.8.2.2"
"""127.0.0.1"
"""135"
"""14.0"
"""15.0"
"""2"
"""2.16.840.1.101.2.1"
"""2.16.840.1.101.2.1.1.1"
"""2.16.840.1.101.2.1.1.10"
"""2.16.840.1.101.2.1.1.11"
"""2.16.840.1.101.2.1.1.12"
"""2.16.840.1.101.2.1.1.13"
"""2.16.840.1.101.2.1.1.14"
"""2.16.840.1.101.2.1.1.15"
"""2.16.840.1.101.2.1.1.16"
"""2.16.840.1.101.2.1.1.17"
"""2.16.840.1.101.2.1.1.18"
"""2.16.840.1.101.2.1.1.19"
"""2.16.840.1.101.2.1.1.2"
"""2.16.840.1.101.2.1.1.20"
"""2.16.840.1.101.2.1.1.21"
"""2.16.840.1.101.2.1.1.3"
"""2.16.840.1.101.2.1.1.4"
"""2.16.840.1.101.2.1.1.5"
"""2.16.840.1.101.2.1.1.6"
"""2.16.840.1.101.2.1.1.7"
"""2.16.840.1.101.2.1.1.8"
"""2.16.840.1.101.2.1.1.9"
"""2.16.840.1.101.3.4.1.2"
"""2.16.840.1.101.3.4.1.22"
"""2.16.840.1.101.3.4.1.25"
"""2.16.840.1.101.3.4.1.42"
"""2.16.840.1.101.3.4.1.45"
"""2.16.840.1.101.3.4.1.5"
"""2.16.840.1.101.3.4.2.1"
"""2.16.840.1.101.3.4.2.2"
"""2.16.840.1.101.3.4.2.3"
"""2.16.840.1.113730"
"""2.16.840.1.113730.1"
"""2.16.840.1.113730.1.1"
"""2.16.840.1.113730.1.12"
"""2.16.840.1.113730.1.13"
"""2.16.840.1.113730.1.2"
"""2.16.840.1.113730.1.3"
"""2.16.840.1.113730.1.4"
"""2.16.840.1.113730.1.7"
"""2.16.840.1.113730.1.8"
"""2.16.840.1.113730.2"
"""2.16.840.1.113730.2.5"
"""2.16.840.1.113730.4.1"
"""2.16.840.1.113733.1.6.11"
"""2.16.840.1.113733.1.6.13"
"""2.16.840.1.113733.1.6.9"
"""2.16.840.1.113733.1.7.1.1"
"""2.16.840.1.113733.1.8.1"
"""2.16.840.1.113733.1.9.2"
"""2.16.840.1.113733.1.9.3"
"""2.16.840.1.113733.1.9.4"
"""2.16.840.1.113733.1.9.5"
"""2.16.840.1.113733.1.9.6"
"""2.16.840.1.113733.1.9.7"
"""2.23.133.2.1"
"""2.23.133.2.16"
"""2.23.133.2.18"
"""2.23.133.2.2"
"""2.23.133.2.3"
"""2.23.133.8.1"
"""2.23.133.8.2"
"""2.23.133.8.3"
"""2.5"
"""2.5.29.1"
"""2.5.29.10"
"""2.5.29.14"
"""2.5.29.15"
"""2.5.29.16"
"""2.5.29.17"
"""2.5.29.18"
"""2.5.29.19"
"""2.5.29.2"
"""2.5.29.20"
"""2.5.29.21"
"""2.5.29.23"
"""2.5.29.27"
"""2.5.29.28"
"""2.5.29.3"
"""2.5.29.30"
"""2.5.29.31"
"""2.5.29.32"
"""2.5.29.32.0"
"""2.5.29.33"
"""2.5.29.35"
"""2.5.29.36"
"""2.5.29.37"
"""2.5.29.37.0"
"""2.5.29.4"
"""2.5.29.46"
"""2.5.29.5"
"""2.5.29.54"
"""2.5.29.7"
"""2.5.29.8"
"""2.5.29.9"
"""2.5.4.10"
"""2.5.4.11"
"""2.5.4.12"
"""2.5.4.13"
"""2.5.4.14"
"""2.5.4.15"
"""2.5.4.16"
"""2.5.4.17"
"""2.5.4.18"
"""2.5.4.19"
"""2.5.4.20"
"""2.5.4.21"
"""2.5.4.22"
"""2.5.4.23"
"""2.5.4.24"
"""2.5.4.25"
"""2.5.4.26"
"""2.5.4.27"
"""2.5.4.28"
"""2.5.4.29"
"""2.5.4.3"
"""2.5.4.30"
"""2.5.4.31"
"""2.5.4.32"
"""2.5.4.33"
"""2.5.4.34"
"""2.5.4.35"
"""2.5.4.36"
"""2.5.4.37"
"""2.5.4.38"
"""2.5.4.39"
"""2.5.4.4"
"""2.5.4.40"
"""2.5.4.42"
"""2.5.4.43"
"""2.5.4.46"
"""2.5.4.5"
"""2.5.4.52"
"""2.5.4.6"
"""2.5.4.7"
"""2.5.4.8"
"""2.5.4.9"
"""2.5.8"
"""2.5.8.1"
"""2.5.8.1.1"
"""2.5.8.2"
"""2.5.8.3"
"""2333"
"""3DES"
"""3DES_112"
"""4.0"
"""4445"
"""="
"""@ "
"""A"
"""AES"
"""AES-CMAC"
"""AES-GMAC"
"""API-"
"""APPX"
"""ATAGPLogPages"
"""ATASMARTPages"
"""AdvApi32.lib"
"""AfterTime"
"""Algorithm Group"
"""Algorithm Name"
"""AlgorithmName"
"""All"
"""AllowFileUrlScheme"
"""AllowUserManageForms"
"""Architecture"
"""AsyncCallee"
"""AuthTagLength"
"""AuthenticodeFlags"
"""BY_DESIGN"
"""BeepEnabled"
"""Block Length"
"""BlockLength"
"""BlockSizeList"
"""BlockingQueue.h"
"""Buffer sizes incompatible - can't replace"
"""Build"
"""C!G"
"""C"
"""C++"
"""C:\Program Files (x86)\Microsoft Visual Studio 14.0\VC\atlmfc\include"
"""C:\Program Files (x86)\Microsoft Visual Studio 14.0\VC\atlmfc\lib\amd64"
"""C:\Program Files (x86)\Microsoft Visual Studio 14.0\VC\include"
"""C:\Program Files (x86)\Microsoft Visual Studio 14.0\VC\lib\amd64"
"""C:\Program Files (x86)\Windows Kits\10\Include\10.0.10240.0\ucrt"
"""C:\Program Files (x86)\Windows Kits\10\lib\10.0.10240.0\ucrt\x64"
"""C:\Program Files (x86)\Windows Kits\8.1\Include\shared"
"""C:\Program Files (x86)\Windows Kits\8.1\Include\um"
"""C:\Program Files (x86)\Windows Kits\8.1\Include\winrt"
"""C:\Program Files (x86)\Windows Kits\8.1\lib\winv6.3\um\x64"
"""C:\Program Files (x86)\Windows Kits\NETFXSDK\4.6\Lib\um\x64"
"""C:\\"
"""C:\\Windows\\System32\\cmd.exe"
"""C:\\Windows\\System32\\werfault.exe"
"""C:\repogit\juicypotato\juicypotato\JuicyPotato"
"""CAPIDHPRIVATEBLOB"
"""CAPIDHPUBLICBLOB"
"""CAPIDSAPRIVATEBLOB"
"""CAPIDSAPUBLICBLOB"
"""CAPIPRIVATEBLOB"
"""CAPIPUBLICBLOB"
"""CAPI_KDF"
"""COM -> recv failed with error: %d\n"
"""COM -> send failed with error: %d\n"
"""CRLValidityExtensionPeriod"
"""C\"
"""CachePrivateKeys"
"""CancelSpinLock"
"""CertDllEnumPhysicalStore"
"""CertDllEnumSystemStore"
"""CertDllOpenStoreProv"
"""CertDllOpenSystemStoreProv"
"""CertDllRegisterPhysicalStore"
"""CertDllRegisterSystemStore"
"""CertDllUnregisterPhysicalStore"
"""CertDllUnregisterSystemStore"
"""CertDllVerifyCTLUsage"
"""CertDllVerifyCertificateChainPolicy"
"""CertDllVerifyRevocation"
"""ChainCacheResyncFiletime"
"""ChainRevAccumulativeUrlRetrievalTimeoutMilliseconds"
"""ChainUrlRetrievalTimeoutMilliseconds"
"""Chaining Mode"
"""ChainingMode"
"""ChainingModeCBC"
"""ChainingModeCCM"
"""ChainingModeCFB"
"""ChainingModeECB"
"""ChainingModeGCM"
"""ChainingModeN/A"
"""CipherKeyBlob"
"""Collection"
"""Configuration"
"""ContextDllCreateObjectContext"
"""CriticalRegion"
"""CrossCertDownloadIntervalHours"
"""CryptDllCreateCOMObject"
"""CryptDllDecodeObject"
"""CryptDllDecodeObjectEx"
"""CryptDllEncodeObject"
"""CryptDllEncodeObjectEx"
"""CryptDllExportPrivateKeyInfoEx"
"""CryptDllExportPublicKeyInfoEx"
"""CryptDllExportPublicKeyInfoEx2"
"""CryptDllExportPublicKeyInfoFromBCryptKeyHandle"
"""CryptDllExtractEncodedSignatureParameters"
"""CryptDllFindLocalizedName"
"""CryptDllFindOIDInfo"
"""CryptDllFormatObject"
"""CryptDllImportPrivateKeyInfoEx"
"""CryptDllImportPublicKeyInfoEx"
"""CryptDllImportPublicKeyInfoEx2"
"""CryptDllSignAndEncodeHash"
"""CryptDllVerifyEncodedSignature"
"""CryptFlags"
"""CryptMsgDllCNGExportKeyAgree"
"""CryptMsgDllCNGExportKeyTrans"
"""CryptMsgDllCNGGenContentEncryptKey"
"""CryptMsgDllCNGImportContentEncryptKey"
"""CryptMsgDllCNGImportKeyAgree"
"""CryptMsgDllCNGImportKeyTrans"
"""CryptMsgDllExportEncryptKey"
"""CryptMsgDllExportKeyAgree"
"""CryptMsgDllExportKeyTrans"
"""CryptMsgDllExportMailList"
"""CryptMsgDllGenContentEncryptKey"
"""CryptMsgDllGenEncryptKey"
"""CryptMsgDllImportEncryptKey"
"""CryptMsgDllImportKeyAgree"
"""CryptMsgDllImportKeyTrans"
"""CryptMsgDllImportMailList"
"""CryptOIDInfoECCParameters"
"""CryptOIDInfoECCWrapParameters"
"""CryptOIDInfoHashParameters"
"""CryptOIDInfoMgf1Parameters"
"""CryptOIDInfoNoParameters"
"""CryptOIDInfoNoSign"
"""CryptOIDInfoOAEPParameters"
"""CryptnetCachedOcspSwitchToCrlCount"
"""CryptnetDefaultFlushExemptSeconds"
"""CryptnetMaxCachedOcspPerCrlCount"
"""CryptnetPreFetchAfterCurrentTimePreFetchPeriodSeconds"
"""CryptnetPreFetchAfterPublishPreFetchDivisor"
"""CryptnetPreFetchBeforeNextUpdatePreFetchDivisor"
"""CryptnetPreFetchMaxAfterNextUpdatePreFetchPeriodSeconds"
"""CryptnetPreFetchMaxMaxAgeSeconds"
"""CryptnetPreFetchMinAfterNextUpdatePreFetchPeriodSeconds"
"""CryptnetPreFetchMinBeforeNextUpdatePreFetchSeconds"
"""CryptnetPreFetchMinMaxAgeSeconds"
"""CryptnetPreFetchMinOcspValidityPeriodSeconds"
"""CryptnetPreFetchRetrievalTimeoutSeconds"
"""CryptnetPreFetchScanAfterTriggerDelaySeconds"
"""CryptnetPreFetchTriggerPeriodSeconds"
"""CryptnetPreFetchValidityPeriodAfterNextUpdatePreFetchDivisor"
"""DEFAULT"
"""DES"
"""DESX"
"""DH"
"""DHPRIVATEBLOB"
"""DHPUBLICBLOB"
"""DHParameters"
"""DLL"
"""DNSMachineName"
"""DS"
"""DSA"
"""DSAPRIVATEBLOB"
"""DSAPUBLICBLOB"
"""DSAParameters"
"""DUALECRNG"
"""Debug|Win32"
"""Debug|x64"
"""Default"
"""DefaultSpoolDirectory"
"""Define _WINSOCK_DEPRECATED_NO_WARNINGS to disable deprecated API warnings"
"""Direct floating point control is not supported or reliable from within managed code. "
"""Directory Service Object"
"""DisableAIAUrlRetrieval"
"""DisableCANameConstraints"
"""DisableLDAPSignAndEncrypt"
"""DisableMandatoryBasicConstraints"
"""DisableRootAutoUpdate"
"""DisableUnsupportedCriticalExtensions"
"""DisallowedCertEncodedCtl"
"""DisallowedCertLastSyncTime"
"""DisallowedCertSyncDeltaTime"
"""DisallowedCert_AutoUpdate_1"
"""Dll"
"""DllName"
"""DsDriver"
"""DsPresent"
"""DsPresentForUser"
"""DsSpooler"
"""DsUser"
"""ECCPRIVATEBLOB"
"""ECCPUBLICBLOB"
"""ECDH"
"""ECDH_P256"
"""ECDH_P384"
"""ECDH_P521"
"""ECDSA"
"""ECDSA_P256"
"""ECDSA_P384"
"""ECDSA_P521"
"""EFSBlob"
"""EXE"
"""EXT-"
"""EffectiveKeyLength"
"""EnableAsynchronousProcessing"
"""EnableDisallowedCertAutoUpdate"
"""EnableInetLocal"
"""EnableInetUnknownAuth"
"""EnableWeakSignatureFlags"
"""Enabled Use Count"
"""EncodedCtl"
"""EncodingType "
"""EnumSchema"
"""Error - Unknown NTLM message type..."
"""Error getting token type: error code 0x%lx\n"
"""Error in AquireCredentialsHandle"
"""EventLog"
"""ExpoOffload"
"""Export Policy"
"""ExtensionSettings"
"""ExtensionTargets"
"""FIPS186DSARNG"
"""File"
"""Flags"
"""ForceKeyProtection"
"""Formats"
"""FuncName"
"""Function call with parameters that may be unsafe - this call relies on the caller to check that the passed values are correct. "
"""G"
"""Get"
"""GetAll"
"""GetSystemWow64DirectoryA"
"""GetSystemWow64DirectoryW"
"""Globals"
"""HASH"
"""HE"
"""HMAC"
"""HWND Handle"
"""HashBlockLength"
"""HashDigestLength"
"""HashOIDList"
"""Header Files"
"""Help"
"""Hygiene"
"""I$"
"""IGNORESRPV2"
"""INITSECURITYINTERFACEA"
"""IStorageTrigger GetMarshalSizeMax\n"
"""IStorageTrigger GetUnmarshalClass\n"
"""IStorageTrigger.cpp"
"""IStorageTrigger.h"
"""IV"
"""Impl Type"
"""InitSecurityInterfaceA"
"""InitSecurityInterfaceW"
"""Invalid memory_order"
"""IpxSocket"
"""IsKeyedHash"
"""IsReusableHash"
"""JuicyPotato v%s \n\n"
"""JuicyPotato"
"""JuicyPotato.cpp"
"""JuicyPotato\JuicyPotato.vcxproj"
"""KDFKeySecret"
"""KEY_DERIVATION"
"""KEY_STORAGE"
"""Kerberos"
"""Key Type"
"""Key Usage"
"""KeyDataBlob"
"""KeyLength"
"""KeyLengths"
"""KeyObjectLength"
"""KeyStrength"
"""LastSyncTime"
"""Ldap"
"""Length"
"""Lengths"
"""LoadLibraryA"
"""LocalAppDataPlatform"
"""LocalNegotiator.cpp"
"""LocalNegotiator.h"
"""LocalizedNames"
"""M "
"""MD2"
"""MD4"
"""MD5"
"""MNBF"
"""MSFRottenPotato.h"
"""MSI"
"""M\0\0\0"
"""MajorVersion"
"""Mandatory args: \n"
"""Max Name Length"
"""MaxAIAUrlCountInCert"
"""MaxAIAUrlRetrievalByteCount"
"""MaxAIAUrlRetrievalCertCount"
"""MaxAIAUrlRetrievalCountPerChain"
"""MaxNoGPOListChangesInterval"
"""MaxUrlRetrievalByteCount"
"""Memory"
"""MessageBlockLength"
"""Microsoft Base Cryptographic Provider v1.0"
"""Microsoft Base DSS Cryptographic Provider"
"""Microsoft Base DSS and Diffie-Hellman Cryptographic Provider"
"""Microsoft Base Smart Card Crypto Provider"
"""Microsoft DH SChannel Cryptographic Provider"
"""Microsoft Enhanced Cryptographic Provider v1.0"
"""Microsoft Enhanced DSS and Diffie-Hellman Cryptographic Provider"
"""Microsoft Enhanced RSA and AES Cryptographic Provider (Prototype)"
"""Microsoft Enhanced RSA and AES Cryptographic Provider"
"""Microsoft PCT 1.0"
"""Microsoft Platform Crypto Provider"
"""Microsoft Primitive Provider"
"""Microsoft RSA SChannel Cryptographic Provider"
"""Microsoft RSA Signature Cryptographic Provider"
"""Microsoft SSL 2.0"
"""Microsoft SSL 3.0"
"""Microsoft Smart Card Key Storage Provider"
"""Microsoft Software Key Storage Provider"
"""Microsoft Strong Cryptographic Provider"
"""Microsoft TLS 1.0"
"""Microsoft Unified Security Protocol Provider"
"""Microsoft version, set _CRT_NON_CONFORMING_SWPRINTFS."
"""MinBitLength"
"""MinRsaPubKeyBitLength"
"""MinorVersion"
"""Modified"
"""Modifying JuciyPotato by Uknow to support shellcodeloader\nGithub: https://github.com/uknowsec/JuciyPotato \nJuciyPotato by ohpe\nGithub:https://github.com/ohpe/juicy-potato\n\n"
"""Modifying JuciyPotato by Uknow to support webshell\nGithub: https://github.com/uknowsec/JuciyPotato \nJuciyPotato by ohpe\nGithub:https://github.com/ohpe/juicy-potato\n\n"
"""MsPrintJobOutputFile"
"""Mswsock.lib"
"""MultiObjectLength"
"""NTLM"
"""Name"
"""Negotiate"
"""NetPopup"
"""NetPopupToComputer"
"""NoBackgroundPolicy"
"""NoGPOListChanges"
"""NoMachinePolicy"
"""NoSlowLink"
"""NoUserPolicy"
"""NotifyLinkTransition"
"""NtAlertResumeThread"
"""NtAllocateVirtualMemory"
"""NtQueueApcThread"
"""NtSuspendThread"
"""NtWriteVirtualMemory"
"""NullNull terminated string"
"""OSVersion"
"""OSVersionEx"
"""ObjectId"
"""ObjectLength"
"""Objidl.h"
"""OcspValiditySeconds"
"""OffloadModExpo"
"""OpaqueKeyBlob"
"""OpaqueTransport"
"""Optional args: \n"
"""Options"
"""OutOfProcessFunctionTableCallback"
"""P"
"""PBKDF2"
"""PCP_ALTERNATE_KEY_STORAGE_LOCATION"
"""PCP_CHANGEPASSWORD"
"""PCP_EKCERT"
"""PCP_EKNVCERT"
"""PCP_EKPUB"
"""PCP_EXPORT_ALLOWED"
"""PCP_KEY_USAGE_POLICY"
"""PCP_MIGRATIONPASSWORD"
"""PCP_PASSWORD_REQUIRED"
"""PCP_PCRTABLE"
"""PCP_PLATFORMHANDLE"
"""PCP_PLATFORM_BINDING_PCRDIGEST"
"""PCP_PLATFORM_BINDING_PCRDIGESTLIST"
"""PCP_PLATFORM_BINDING_PCRMASK"
"""PCP_PLATFORM_TYPE"
"""PCP_PROVIDERMHANDLE"
"""PCP_PROVIDER_VERSION"
"""PCP_SRKPUB"
"""PCP_STORAGEPARENT"
"""PCP_TPM12_IDACTIVATION"
"""PCP_TPM12_IDBINDING"
"""PCP_TPM12_IDBINDING_DYNAMIC"
"""PCP_TPM12_KEYATTESTATION"
"""PCP_USAGEAUTH"
"""PKCS12"
"""PKCS7"
"""PKCS7_ENVELOPE"
"""PKCS8_PRIVATEKEY"
"""PRIVATEBLOB"
"""PUBLICBLOB"
"""PaddingSchemes"
"""PeerUsages"
"""PerUserLocalSettings"
"""Physical"
"""PortThreadPriority"
"""PortThreadPriorityDefault"
"""PrimitiveType"
"""PrintDriverIsolationExecutionPolicy"
"""PrintDriverIsolationGroups"
"""PrintDriverIsolationIdleTimeout"
"""PrintDriverIsolationMaxobjsBeforeRecycle"
"""PrintDriverIsolationOverrideCompat"
"""PrintDriverIsolationTimeBeforeRecycle"
"""PrintQueueV4DriverDirectory"
"""PriorityRegion"
"""Priv Adjust FALSE\n"
"""Priv Lookup FALSE\n"
"""PrivKeyCacheMaxItems"
"""PrivKeyCachePurgeIntervalSeconds"
"""PrivKeyVal"
"""PrivateKeyLifetimeSeconds"
"""ProcessGroupPolicy"
"""ProjectConfigurations"
"""PropertySheets"
"""ProtectedKeyBlob"
"""Provider Handle"
"""ProviderHandle"
"""Q"
"""QueryInterface INVALID\n"
"""QueryInterface NOINT\n"
"""RC2"
"""RC4"
"""RNG"
"""RPC -> recv failed with error: %d\n"
"""RPC -> send failed with error: %d\n"
"""RPC-> Connection closed\n"
"""RSA"
"""RSAFULLPRIVATEBLOB"
"""RSAPRIVATEBLOB"
"""RSAPUBLICBLOB"
"""RSA_SIGN"
"""ReadMe.txt"
"""Release|Win32"
"""Release|x64"
"""RemoteFax"
"""RequiresSuccessfulRegistry"
"""Resource Files"
"""RestartJobOnPoolEnabled"
"""RestartJobOnPoolError"
"""RestoreLastError"
"""RetryPopup"
"""ReturnMessage"
"""Rfc3565KeyWrapBlob"
"""RootAutoUpdate"
"""RootDirUrl"
"""SAL_failed"
"""SAL_pre SAL_valid"
"""SAL_typefix("
"""SAL_useHeader()"
"""SCRIPT"
"""SCard$AllReaders\000"
"""SCard$DefaultReaders\000"
"""SCard$LocalReaders\000"
"""SCard$SystemReaders\000"
"""SHA1"
"""SHA256"
"""SHA384"
"""SHA512"
"""SHELL"
"""SOFTWARE\\Microsoft\\Windows\\CurrentVersion\\Setup\\OC Manager\\Subcomponents"
"""SP800_108_CTR_HMAC"
"""SP800_56A_CONCAT"
"""SYSTEM"
"""SapId"
"""Schannel"
"""SchedulerThreadPriority"
"""SchedulerThreadPriorityDefault"
"""SchemeDllRetrieveEncodedObject"
"""SchemeDllRetrieveEncodedObjectW"
"""SeAssignPrimaryTokenPrivilege"
"""SeAuditPrivilege"
"""SeBackupPrivilege"
"""SeChangeNotifyPrivilege"
"""SeCreateGlobalPrivilege"
"""SeCreatePagefilePrivilege"
"""SeCreatePermanentPrivilege"
"""SeCreateSymbolicLinkPrivilege"
"""SeCreateTokenPrivilege"
"""SeDebugPrivilege"
"""SeEnableDelegationPrivilege"
"""SeImpersonatePrivilege"
"""SeIncreaseBasePriorityPrivilege"
"""SeIncreaseQuotaPrivilege"
"""SeIncreaseWorkingSetPrivilege"
"""SeLoadDriverPrivilege"
"""SeLockMemoryPrivilege"
"""SeMachineAccountPrivilege"
"""SeManageVolumePrivilege"
"""SeProfileSingleProcessPrivilege"
"""SeRelabelPrivilege"
"""SeRemoteShutdownPrivilege"
"""SeRestorePrivilege"
"""SeSecurityPrivilege"
"""SeShutdownPrivilege"
"""SeSyncAgentPrivilege"
"""SeSystemEnvironmentPrivilege"
"""SeSystemProfilePrivilege"
"""SeSystemtimePrivilege"
"""SeTakeOwnershipPrivilege"
"""SeTcbPrivilege"
"""SeTimeZonePrivilege"
"""SeTrustedCredManAccessPrivilege"
"""SeUndockPrivilege"
"""SeUnsolicitedInputPrivilege"
"""SecretAgreementParam"
"""Security Descr Support"
"""Security Descr"
"""See online help for details."
"""Serialized"
"""ServicesActive"
"""ServicesFailed"
"""Set"
"""Sha256Allow"
"""Shared"
"""SignatureLength"
"""SmartCard"
"""SmartCardAssociatedECDHKey"
"""SmartCardGuid"
"""SmartCardKeyCertificate"
"""SmartCardPin"
"""SmartCardPinId"
"""SmartCardPinInfo"
"""SmartCardPinPrompt"
"""SmartCardReader"
"""SmartCardReaderIcon"
"""SmartCardSecurePin"
"""SmartCardUserCertStore"
"""SmartcardRootCertStore"
"""Software\\Microsoft\\Cryptography\\IEDirtyFlags"
"""Software\\Microsoft\\Cryptography\\OID"
"""Software\\Microsoft\\Cryptography\\OID\\EncodingType 0\\CertDllCreateCertificateChainEngine\\Config"
"""Software\\Microsoft\\SystemCertificates"
"""Software\\Policies\\Microsoft\\Cryptography"
"""Software\\Policies\\Microsoft\\SystemCertificates"
"""Source Files"
"""SrvOcspRespMaxBeforeNextUpdateSeconds"
"""SrvOcspRespMinAfterNextUpdateSeconds"
"""SrvOcspRespMinBeforeNextUpdateSeconds"
"""SrvOcspRespMinValiditySeconds"
"""SrvOcspRespUrlRetrievalTimeoutMilliseconds"
"""SslCrackCertificate"
"""SslFreeCertificate"
"""SslObjectLocatorInitializeCertValidationConfig"
"""SslObjectLocatorInitializeIssuerList"
"""SslObjectLocatorInitializePfx"
"""Standard C++ Libraries Invalid Argument"
"""Standard C++ Libraries Out of Range"
"""Status"
"""SyncDeltaTime"
"""SysItems"
"""System"
"""SystemRegistry"
"""SystemStoreLocation"
"""T"
"""TLS_PRF"
"""TcpPort"
"""Testing %S %S\n"
"""The POSIX name for this item is deprecated. Instead, use the ISO C "
"""ThirdParty"
"""This API cannot be used in the context of the caller's application type."
"""This function or variable has been superceded by newer library "
"""This function or variable may be unsafe. Consider using "
"""TimeValidDllFlushObject"
"""TimeValidDllGetObject"
"""To disable this warning, use -D_SCL_SECURE_NO_WARNINGS. See documentation on how to use Visual C++ 'Checked Iterators'"
"""TopicItemList"
"""Topics"
"""TriggerStarted"
"""UI Policy"
"""URL Context"
"""UdpPort"
"""Unable to connect to server!\n"
"""Unique Name"
"""UrlDllGetObjectUrl"
"""Use "
"""Use Context"
"""Use Count"
"""UserMacros"
"""V2CAPIDSAPRIVATEBLOB"
"""V2CAPIDSAPUBLICBLOB"
"""Version"
"""WLDPMSI"
"""WLDPSCRIPT"
"""WSAStartup failed with error: %d\n"
"""Waiting for auth..."
"""Weak"
"""WeakRsaPubKeyTime"
"""WeakSignatureLogDir"
"""WebShareMgmt"
"""Windows NT Access Provider"
"""Wrong Argument: %s\n"
"""Ws2_32.lib"
"""[+] Allocation Memory and Write shellcode to the allocated buffer\n"
"""[+] Command: %S\n"
"""[+] CreatePipe failed\n"
"""[+] CreatePipe success\n"
"""[+] CreateProcess call : <t> CreateProcessWithTokenW\n"
"""[+] CreateProcess call : <u> CreateProcessAsUser\n"
"""[+] CreateProcessWithTokenW success\n"
"""[+] Inject into the suspended thread\n"
"""[+] Listening on port:%s\n"
"""[+] Process with pid: %d created.\n"
"""[+] Process with pid: %d created.\n==========================================\n\n"
"""[+] Process with pid: %d created.\n==============================\n\n"
"""[+] RPC-> Connection closed\n"
"""[+] Resume the suspended thread\n"
"""[+] Testing clsid: %S lport: %S\n"
"""[+] Waiting for auth..."
"""[+] clsid: %S\n[+] Domain\\UserName: %S\\%S\n"
"""[+] setup for NTAPI functions\n"
"""[-] COM -> recv failed with error: %d\n"
"""[-] COM -> send failed with error: %d\n"
"""[-] Error - Unknown NTLM message type..."
"""[-] Error getting token type: error code 0x%lx\n"
"""[-] Priv Lookup FALSE\n"
"""[-] RPC -> recv failed with error: %d\n"
"""[-] RPC -> send failed with error: %d\n"
"""[-] Unable to connect to server!\n"
"""[-] WSAStartup failed with error: %d\n"
"""[-] accept failed with error: %d\n"
"""[-] bind failed with error: %d\n"
"""[-] getaddrinfo failed with error: %d\n"
"""[-] listen failed with error: %d\n"
"""[-] shutdown failed with error: %d\n"
"""[-] socket failed with error: %ld\n"
"""[X] Wrong Argument: %s\n"
"""\0"
"""\\AuthRoot"
"""\\AuthRoot\\AutoUpdate"
"""\\ChainEngine\\Config"
"""\\EFS"
"""\\Enlistment\\"
"""\\Registry\\Machine\\System\\CurrentControlSet\\Control\\CrashControl\\StorageTelemetry"
"""\\Registry\\Machine\\System\\CurrentControlSet\\Control\\Storage\\StorageTelemetry"
"""\\ResourceManager\\"
"""\\Root\\ProtectedRoots"
"""\\TransactionManager\\"
"""\\Transaction\\"
"""\\TrustedPublisher\\Safer"
"""\n"
"""\n@"
"""\n[+] CreateProcessAsUser success\n"
"""\n[+] CreateProcessWithTokenW success\n"
"""\n[+] authresult %d\n"
"""\n[-] CreateProcessAsUser Failed to create proc: %d\n"
"""\n[-] CreateProcessWithTokenW Failed to create proc: %d\n"
"""\n\n"
"""\n\n[*] QueueUserAPC Inject shellcode completed, enjoy!"
"""_"
"""_Mbrtowc"
"""__pragma(pack(pop))"
"""__pragma(pack(push, _CRT_PACKING))"
"""`"
"""`\n"
"""a"
"""accept failed with error: %d\n"
"""adding an extra character count parameter. To use the traditional "
"""adding an extra context parameter. To use the legacy Microsoft "
"""and C++ conformant name: "
"""application/fractals"
"""application/hta"
"""application/octet-stream"
"""application/pdf"
"""application/postscript"
"""application/ttaf+xml"
"""application/ttml+xml"
"""application/xhtml+xml"
"""application/xml"
"""arithmetic right shift"
"""assetNumber"
"""audio/aiff"
"""audio/basic"
"""audio/wav"
"""audio/x-aiff"
"""audio/x-pn-realaudio"
"""audio/x-wav"
"""authroot.stl"
"""authrootseq.txt"
"""authrootstl.cab"
"""bad cast"
"""bad exception"
"""bad typeid"
"""bind failed with error: %d\n"
"""bytesPerMinute"
"""class"
"""commdlg_ColorOK"
"""commdlg_FileNameOK"
"""commdlg_FindReplace"
"""commdlg_LBSelChangedNotify"
"""commdlg_SetRGBColor"
"""commdlg_ShareViolation"
"""commdlg_help"
"""d"
"""description"
"""disallowedcert.stl"
"""disallowedcertstl.cab"
"""driverName"
"""driverVersion"
"""exists('$(UserRootDir)\Microsoft.Cpp.$(Platform).user.props')"
"""extern \"
"""flags"
"""freeaddrinfo"
"""function has been changed to conform with the ISO C standard, "
"""function"
"""getaddrinfo failed with error: %d\n"
"""getaddrinfo"
"""getnameinfo"
"""hello.stg"
"""http://schemas.microsoft.com/developer/msbuild/2003"
"""image/bmp"
"""image/gif"
"""image/jpeg"
"""image/pjpeg"
"""image/png"
"""image/svg+xml"
"""image/tiff"
"""image/vnd.ms-dds"
"""image/vnd.ms-photo"
"""image/x-emf"
"""image/x-icon"
"""image/x-png"
"""image/x-wmf"
"""image/x-xbitmap"
"""image/xbm"
"""instead. See online help for details."
"""invalid align"
"""invalid argument"
"""invalid fbits value"
"""invalid lane index"
"""invalid position value"
"""invalid shift amount"
"""kernel32.dll"
"""last iResult:%d\n"
"""least significant bit"
"""libcpmt"
"""library"
"""listen failed with error: %d\n"
"""location"
"""logical left shift"
"""msctls_netaddress"
"""msvcp140.dll"
"""msvcp140d.dll"
"""msvcp_win.dll"
"""msvcpd_win.dll"
"""msvcprt"
"""ntdll.dll"
"""or operating system functionality. Consider using "
"""out of range"
"""p"
"""pfx_assert"
"""pfx_assume"
"""portName"
"""printAttributes"
"""printBinNames"
"""printCollate"
"""printColor"
"""printDuplexSupported"
"""printEndTime"
"""printKeepPrintedJobs"
"""printLanguage"
"""printMACAddress"
"""printMaxResolutionSupported"
"""printMaxXExtent"
"""printMaxYExtent"
"""printMediaReady"
"""printMediaSupported"
"""printMemory"
"""printMinXExtent"
"""printMinYExtent"
"""printNetworkAddress"
"""printNotify"
"""printNumberUp"
"""printOrientationsSupported"
"""printOwner"
"""printPagesPerMinute"
"""printQueue"
"""printRate"
"""printRateUnit"
"""printSeparatorFile"
"""printShareName"
"""printSpooling"
"""printStaplingSupported"
"""printStartTime"
"""printStatus"
"""printerLocations"
"""printerModel"
"""printerName"
"""printerNameAliases"
"""printf"
"""priority"
"""q"
"""rotation must be 0, 8, 16, or 24"
"""saturation bit position"
"""scanf"
"""scanf_s"
"""send queue"
"""serverName"
"""shift is out of range '0 - 31'"
"""shift is out of range '1 - 31'"
"""shift is out of range '1 - 32'"
"""shift type must be _ARM_LSL or _ARM_ASR"
"""shortServerName"
"""shutdown failed with error: %d\n"
"""socket failed with error: %ld\n"
"""startCOMListener bindresult%d\n"
"""startCOMListener iResult ComLisetner:%d\n"
"""stdafx.cpp"
"""stdafx.h"
"""string terminated by two nulls"
"""t"
"""targetver.h"
"""text/cache-manifest"
"""text/html"
"""text/plain"
"""text/richtext"
"""text/vtt"
"""text/xml"
"""uNCName"
"""unknown"
"""url"
"""userenv.lib"
"""utf-8"
"""versionNumber"
"""video/avi"
"""video/mpeg"
"""video/quicktime"
"""video/x-msvideo"
"""video/x-sgi-movie"
"""wcstok has been changed to conform with the ISO C standard, "
"""wcstok, define _CRT_NON_CONFORMING_WCSTOK."
"""width"
"""winsta0\\default"
"""x64\Debug\JuicyPotato.pch"
"""x64\Debug\\"
"""x64\Release\JuicyPotato.pch"
"""x64\Release\\"
"""{00000000-0000-0000-C000-000000000046}"
"""{00000306-0000-0000-c000-000000000046}"
"""{4164003E-BA47-4A95-8586-D5AAC399C050}"
"""{4991d34b-80a1-4291-83b6-3328366b9097}"
"""{8BC9CEB8-8B4A-11D0-8D11-00A0C91BC942}"
"""}"
